-- ------------------------------------------------------------
        -- Dummy data generated on 2025-04-24T10:57:29
        -- Seed: 1337
        -- ------------------------------------------------------------

-- === USERS ===
INSERT INTO users (id, username, email, password_hash, created_at) VALUES
(1, 'user1', 'ashley25@example.com', '$2a$10$bxFZMt4M6IjHAKj6peP.wu6ps2TBA2RCoCoJCE..z/8oNJXJKJvTa', '2024-08-30 02:20:44'),
(2, 'user2', 'sandra46@example.net', '$2a$10$bxFZMt4M6IjHAKj6peP.wu6ps2TBA2RCoCoJCE..z/8oNJXJKJvTa', '2023-10-01 03:54:30'),
(3, 'user3', 'daniel61@example.net', '$2a$10$bxFZMt4M6IjHAKj6peP.wu6ps2TBA2RCoCoJCE..z/8oNJXJKJvTa', '2024-10-19 01:37:33'),
(4, 'user4', 'pamela64@example.net', '$2a$10$bxFZMt4M6IjHAKj6peP.wu6ps2TBA2RCoCoJCE..z/8oNJXJKJvTa', '2023-05-08 19:43:57'),
(5, 'user5', 'brooke73@example.org', '$2a$10$bxFZMt4M6IjHAKj6peP.wu6ps2TBA2RCoCoJCE..z/8oNJXJKJvTa', '2025-01-02 00:44:19'),
(6, 'user6', 'erin97@example.net', '$2a$10$bxFZMt4M6IjHAKj6peP.wu6ps2TBA2RCoCoJCE..z/8oNJXJKJvTa', '2023-11-16 16:42:54'),
(7, 'user7', 'amylittle@example.net', '$2a$10$bxFZMt4M6IjHAKj6peP.wu6ps2TBA2RCoCoJCE..z/8oNJXJKJvTa', '2024-07-16 09:02:52'),
(8, 'user8', 'jonessydney@example.net', '$2a$10$bxFZMt4M6IjHAKj6peP.wu6ps2TBA2RCoCoJCE..z/8oNJXJKJvTa', '2023-06-05 18:56:26'),
(9, 'user9', 'reidjames@example.com', '$2a$10$bxFZMt4M6IjHAKj6peP.wu6ps2TBA2RCoCoJCE..z/8oNJXJKJvTa', '2023-09-24 15:51:26'),
(10, 'user10', 'zcurry@example.net', '$2a$10$bxFZMt4M6IjHAKj6peP.wu6ps2TBA2RCoCoJCE..z/8oNJXJKJvTa', '2023-12-25 02:05:46'),
(11, 'user11', 'popecheryl@example.com', '$2a$10$bxFZMt4M6IjHAKj6peP.wu6ps2TBA2RCoCoJCE..z/8oNJXJKJvTa', '2024-07-12 08:19:15'),
(12, 'user12', 'andreaparsons@example.net', '$2a$10$bxFZMt4M6IjHAKj6peP.wu6ps2TBA2RCoCoJCE..z/8oNJXJKJvTa', '2024-11-09 07:09:09'),
(13, 'user13', 'melinda39@example.org', '$2a$10$bxFZMt4M6IjHAKj6peP.wu6ps2TBA2RCoCoJCE..z/8oNJXJKJvTa', '2024-06-08 22:07:33'),
(14, 'user14', 'kimberlywilliams@example.com', '$2a$10$bxFZMt4M6IjHAKj6peP.wu6ps2TBA2RCoCoJCE..z/8oNJXJKJvTa', '2024-10-22 12:13:35'),
(15, 'user15', 'bmcpherson@example.net', '$2a$10$bxFZMt4M6IjHAKj6peP.wu6ps2TBA2RCoCoJCE..z/8oNJXJKJvTa', '2024-05-07 16:43:29'),
(16, 'user16', 'jessica94@example.com', '$2a$10$bxFZMt4M6IjHAKj6peP.wu6ps2TBA2RCoCoJCE..z/8oNJXJKJvTa', '2023-06-15 20:27:37'),
(17, 'user17', 'stacieberger@example.com', '$2a$10$bxFZMt4M6IjHAKj6peP.wu6ps2TBA2RCoCoJCE..z/8oNJXJKJvTa', '2025-01-20 20:58:32'),
(18, 'user18', 'leestephanie@example.com', '$2a$10$bxFZMt4M6IjHAKj6peP.wu6ps2TBA2RCoCoJCE..z/8oNJXJKJvTa', '2025-03-06 14:46:10'),
(19, 'user19', 'spencerronald@example.net', '$2a$10$bxFZMt4M6IjHAKj6peP.wu6ps2TBA2RCoCoJCE..z/8oNJXJKJvTa', '2024-11-01 20:40:31'),
(20, 'user20', 'jordanjoyce@example.org', '$2a$10$bxFZMt4M6IjHAKj6peP.wu6ps2TBA2RCoCoJCE..z/8oNJXJKJvTa', '2023-06-07 10:31:37'),
(21, 'user21', 'ereed@example.org', '$2a$10$bxFZMt4M6IjHAKj6peP.wu6ps2TBA2RCoCoJCE..z/8oNJXJKJvTa', '2024-01-23 17:03:07'),
(22, 'user22', 'jennifer32@example.com', '$2a$10$bxFZMt4M6IjHAKj6peP.wu6ps2TBA2RCoCoJCE..z/8oNJXJKJvTa', '2024-02-23 08:32:04'),
(23, 'user23', 'ktran@example.org', '$2a$10$bxFZMt4M6IjHAKj6peP.wu6ps2TBA2RCoCoJCE..z/8oNJXJKJvTa', '2024-10-28 12:50:36'),
(24, 'user24', 'phillip39@example.com', '$2a$10$bxFZMt4M6IjHAKj6peP.wu6ps2TBA2RCoCoJCE..z/8oNJXJKJvTa', '2025-04-19 17:07:35'),
(25, 'user25', 'jenniferhowell@example.net', '$2a$10$bxFZMt4M6IjHAKj6peP.wu6ps2TBA2RCoCoJCE..z/8oNJXJKJvTa', '2023-12-30 19:50:38');

-- === PROFILES ===
INSERT INTO profiles (user_id, display_name, biography, birthday, profile_picture_url, spotify_song_id, user_location_text, user_location, match_distance_miles, gender, preferred_gender, preferred_age_min, preferred_age_max) VALUES
(1, 'Kyle Davidson', 'Fire I grow true throughout oil whole. Century star several door spend beat.
Beat use man standard traditional you.', '1980-08-25', 'https://cdn.sanity.io/images/5vm5yn1d/pro/e8901b37029ada974f945ce569a5643b511fb4a9-1499x1000.jpg?fm=webp&q=80', '69kOkLUCkxIZYexIgSG8rq', 'Aurora', ST_SetSRID(ST_MakePoint(-108.562228, 38.804797),4326)::GEOGRAPHY, 453, 'male', 'male', 26, 61),
(2, 'Tanya Carpenter', 'Media opportunity popular political. Fast chance letter ball their run major.', '1991-05-30', 'https://www.purina.in/sites/default/files/2020-12/The%20History%20of%20CatsHERO.jpg', '69kOkLUCkxIZYexIgSG8rq', 'Denver', ST_SetSRID(ST_MakePoint(-106.296712, 39.100065),4326)::GEOGRAPHY, 802, 'male', 'female', 23, 31),
(3, 'Adrian Evans', 'Range blood city politics. Officer early trial arrive dinner small.', '1985-02-02', 'https://www.vets4pets.com/contentassets/eb5e17755de843c99b88a684482b92fe/your-cats-first-season.jpg', '69kOkLUCkxIZYexIgSG8rq', 'Vail', ST_SetSRID(ST_MakePoint(-103.174160, 38.822766),4326)::GEOGRAPHY, 32, 'nonbinary', 'female', 20, 91),
(4, 'Thomas Bruce', 'Main although professional actually owner. Service approach seven song. Instead list activity whose table couple interesting because.', '1989-01-28', 'https://petlibro.com/cdn/shop/files/shutterstock_1422948287.jpg?v=1704968235', '69kOkLUCkxIZYexIgSG8rq', 'Boulder', ST_SetSRID(ST_MakePoint(-104.869815, 38.844917),4326)::GEOGRAPHY, 646, 'female', 'nonbinary', 27, 33),
(5, 'Zachary Johnson', 'Option trial democratic time agree wear I more. Song a popular. Wide return bar focus model large memory degree.', '1996-01-01', 'https://hips.hearstapps.com/hmg-prod/images/close-up-portrait-of-cat-sitting-on-floor-royalty-free-image-1718201739.jpg?crop=0.668xw:1.00xh;0.180xw,0&resize=980:*', '69kOkLUCkxIZYexIgSG8rq', 'Pueblo', ST_SetSRID(ST_MakePoint(-105.250176, 39.546352),4326)::GEOGRAPHY, 594, 'male', 'female', 25, 62),
(6, 'Diana Scott', 'Themselves certain recognize charge produce. Down goal finally prevent.', '1982-03-24', 'https://bestfriends.org/sites/default/files/styles/hero_mobile/public/hero-dash/Asana3808_Dashboard_Standard.jpg?h=ebad9ecf&itok=cWevo33k', '69kOkLUCkxIZYexIgSG8rq', 'Durango', ST_SetSRID(ST_MakePoint(-105.268889, 40.384290),4326)::GEOGRAPHY, 431, 'male', 'male', 27, 99),
(7, 'Frank Barker', 'Hot second condition end. Edge nothing Republican economy. Performance candidate question can. Pretty mean recognize usually.', '1980-10-13', 'https://www.thesprucepets.com/thmb/qu1ksKGL75-FYqaVSnFRmk_T5_U=/1500x375/filters:no_upscale():strip_icc()/cats-recirc3_2-1f5de201af94447a9063f83249260aff.jpg', '69kOkLUCkxIZYexIgSG8rq', 'Colorado Springs', ST_SetSRID(ST_MakePoint(-102.260376, 37.436989),4326)::GEOGRAPHY, 872, 'female', 'female', 24, 69),
(8, 'Ms. Kelly Johnson DDS', 'Pattern gas father represent. True whole house seven research all. Worker how beyond interest director shake author above.', '2000-06-13', 'https://blog.nature.org/wp-content/uploads/2022/05/29473548577_8414ac0a6e_k.jpg', '69kOkLUCkxIZYexIgSG8rq', 'Boulder', ST_SetSRID(ST_MakePoint(-107.193989, 37.909548),4326)::GEOGRAPHY, 871, 'male', 'female', 28, 86),
(9, 'Luke Carpenter', 'Continue quite wall role public identify. Oil structure phone southern unit PM myself.', '2005-10-27', 'https://cdn.britannica.com/34/235834-050-C5843610/two-different-breeds-of-cats-side-by-side-outdoors-in-the-garden.jpg', '69kOkLUCkxIZYexIgSG8rq', 'Loveland', ST_SetSRID(ST_MakePoint(-105.132171, 39.517500),4326)::GEOGRAPHY, 721, 'nonbinary', 'male', 19, 52),
(10, 'Ashley Collins', 'Nice born real. Court skin on in your. The wear along admit. Notice action no subject miss.
Attack might strategy car young.', '1986-10-03', 'https://www.petsandparasites.org/images/uploads/images/Person_Holding_Little_Cats_in_Arms.jpg', '69kOkLUCkxIZYexIgSG8rq', 'Denver', ST_SetSRID(ST_MakePoint(-106.168814, 39.335150),4326)::GEOGRAPHY, 147, 'female', 'female', 19, 29),
(11, 'Charles Griffith', 'Collection entire miss economy. Involve throw that.
Film the enough treat here per than. Election standard firm model truth many stand.', '1985-02-18', 'https://i.natgeofe.com/n/548467d8-c5f1-4551-9f58-6817a8d2c45e/NationalGeographic_2572187.jpg?w=374&h=250', '69kOkLUCkxIZYexIgSG8rq', 'Aspen', ST_SetSRID(ST_MakePoint(-102.802335, 38.432764),4326)::GEOGRAPHY, 56, 'male', 'any', 25, 93),
(12, 'Robert Gray', 'Store free give follow. Address he the team policy free personal one. Camera discover ground themselves century.', '2006-02-02', 'https://cms.bps.org.uk/sites/default/files/styles/responsive/public/765/534/0/2022-09/Grumpy%20cat%202.jpeg', '69kOkLUCkxIZYexIgSG8rq', 'Pueblo', ST_SetSRID(ST_MakePoint(-108.123500, 40.329114),4326)::GEOGRAPHY, 325, 'female', 'any', 26, 96),
(13, 'Kathryn Espinoza', 'Improve discussion early vote move would. Office so free break. Book of however already every.', '1986-06-06', 'https://cdn.sanity.io/images/5vm5yn1d/pro/e8901b37029ada974f945ce569a5643b511fb4a9-1499x1000.jpg?fm=webp&q=80', '69kOkLUCkxIZYexIgSG8rq', 'Denver', ST_SetSRID(ST_MakePoint(-105.947991, 40.750529),4326)::GEOGRAPHY, 976, 'male', 'female', 19, 30),
(14, 'Mary Miller', 'Deep stage huge there similar your television early. Song beat lose participant study.
Best data PM might.', '1983-01-05', 'https://www.bluecross.org.uk/sites/default/files/d8/styles/theme_feature_extra_large/public/2023-01/BX150956_HY_BC_EDDIE_058.JPG.webp?itok=JK6O0CLW', '69kOkLUCkxIZYexIgSG8rq', 'Boulder', ST_SetSRID(ST_MakePoint(-108.456326, 39.946366),4326)::GEOGRAPHY, 157, 'female', 'male', 28, 46),
(15, 'Shawn Hall', 'Mouth whole wife wall. Wrong five along each. Soldier sense purpose both next.', '1986-01-02', 'https://www.purina.com.au/dw/image/v2/BKFD_PRD/on/demandware.static/-/Sites-Purina_AU-Library/default/dwc7782b36/images/Finding-a-pet/Pet-breeds/Cat-breeds/American%20Bobtail%202.png', '69kOkLUCkxIZYexIgSG8rq', 'Fort Collins', ST_SetSRID(ST_MakePoint(-104.001450, 37.562052),4326)::GEOGRAPHY, 648, 'male', 'female', 22, 34),
(16, 'Holly Martin', 'Lay remain act able still do spend. Yes seven long detail economic surface feel stop. Join important group through.', '1998-06-05', 'https://cdn.sanity.io/images/5vm5yn1d/pro/e8901b37029ada974f945ce569a5643b511fb4a9-1499x1000.jpg?fm=webp&q=80', '69kOkLUCkxIZYexIgSG8rq', 'Grand Junction', ST_SetSRID(ST_MakePoint(-106.041428, 38.717515),4326)::GEOGRAPHY, 319, 'female', 'nonbinary', 21, 60),
(17, 'Johnathan Medina', 'Lot walk professional teach line partner. Just floor benefit sort explain away.', '1987-08-10', 'https://images.contentstack.io/v3/assets/blt6f84e20c72a89efa/bltd23d698154616afc/63c73a89a362596b80751065/img-cat-whiskers-101-header.jpg', '69kOkLUCkxIZYexIgSG8rq', 'Fort Collins', ST_SetSRID(ST_MakePoint(-104.703878, 38.517888),4326)::GEOGRAPHY, 328, 'female', 'male', 26, 60),
(18, 'David White', 'Never man them ball billion its. Type idea soon.
Training interest home. Hold difficult into practice. Someone eight create always reveal.', '1988-03-20', 'https://upload.wikimedia.org/wikipedia/commons/thumb/3/3a/Cat03.jpg/1200px-Cat03.jpg', '69kOkLUCkxIZYexIgSG8rq', 'Greeley', ST_SetSRID(ST_MakePoint(-102.135842, 40.405510),4326)::GEOGRAPHY, 768, 'male', 'female', 25, 43),
(19, 'Sarah James', 'Technology question out century happy. Feel future politics firm my.', '1993-10-19', 'https://i.ytimg.com/vi/paWE-GvDO1c/maxresdefault.jpg', '69kOkLUCkxIZYexIgSG8rq', 'Vail', ST_SetSRID(ST_MakePoint(-107.041735, 37.526328),4326)::GEOGRAPHY, 603, 'female', 'female', 30, 38),
(20, 'Jill Martin', 'Age own until. Power tree camera through establish.', '1986-05-30', 'https://www.communitycatspodcast.com/wp-content/uploads/2023/03/Cat6-800x800.jpg', '69kOkLUCkxIZYexIgSG8rq', 'Pueblo', ST_SetSRID(ST_MakePoint(-104.735377, 38.068806),4326)::GEOGRAPHY, 794, 'nonbinary', 'male', 30, 71),
(21, 'Kathy Davenport', 'Expert drive election democratic quickly. Word bad appear create itself street seat pay.', '2000-02-04', 'https://th-thumbnailer.cdn-si-edu.com/ii_ZQzqzZgBKT6z9DVNhfPhZe5g=/fit-in/1600x0/filters:focal(1061x707:1062x708)/https://tf-cmsv2-smithsonianmag-media.s3.amazonaws.com/filer_public/55/95/55958815-3a8a-4032-ac7a-ff8c8ec8898a/gettyimages-1067956982.jpg', '69kOkLUCkxIZYexIgSG8rq', 'Boulder', ST_SetSRID(ST_MakePoint(-105.133762, 38.515429),4326)::GEOGRAPHY, 362, 'female', 'female', 20, 67),
(22, 'Daniel Powers', 'Capital tough task professor civil. Environment share style forget body contain. Concern most whose center get guess every.', '1987-05-14', 'https://i.natgeofe.com/n/548467d8-c5f1-4551-9f58-6817a8d2c45e/NationalGeographic_2572187.jpg?w=374&h=250', '69kOkLUCkxIZYexIgSG8rq', 'Aurora', ST_SetSRID(ST_MakePoint(-105.903986, 40.009784),4326)::GEOGRAPHY, 956, 'female', 'female', 21, 92),
(23, 'Lori Gonzales', 'Company despite relate attention some about. Amount by course analysis. North garden parent party them certain catch.', '1986-05-26', 'https://www.calgaryzoo.com/wp-content/uploads/2024/09/DSC01798-1.jpg', '69kOkLUCkxIZYexIgSG8rq', 'Boulder', ST_SetSRID(ST_MakePoint(-107.441834, 37.509875),4326)::GEOGRAPHY, 152, 'female', 'female', 23, 57),
(24, 'Timothy Smith', 'Understand successful people yeah school technology. Industry information hundred ago event network best science.', '2006-01-08', 'https://hips.hearstapps.com/hmg-prod/images/close-up-portrait-of-cat-sitting-on-floor-royalty-free-image-1718201739.jpg?crop=0.668xw:1.00xh;0.180xw,0&resize=980:*', '69kOkLUCkxIZYexIgSG8rq', 'Vail', ST_SetSRID(ST_MakePoint(-104.439499, 39.651160),4326)::GEOGRAPHY, 307, 'female', 'male', 18, 57),
(25, 'Ryan Jefferson Jr.', 'Some official region no call not. Available choose young.', '1979-12-09', 'https://www.alleycat.org/wp-content/uploads/2024/04/alley-our-bnr.jpg', '69kOkLUCkxIZYexIgSG8rq', 'Vail', ST_SetSRID(ST_MakePoint(-108.206324, 38.279527),4326)::GEOGRAPHY, 159, 'male', 'any', 23, 31);

-- === USER_INTERESTS ===
INSERT INTO user_interests (user_id, interest_id) VALUES
(1, 33),
(1, 14),
(1, 32),
(1, 13),
(1, 46),
(1, 36),
(1, 24),
(1, 27),
(2, 11),
(2, 15),
(2, 14),
(2, 16),
(2, 2),
(2, 37),
(2, 35),
(2, 23),
(3, 12),
(3, 37),
(3, 32),
(3, 22),
(3, 8),
(3, 46),
(3, 20),
(3, 49),
(4, 37),
(4, 19),
(4, 26),
(4, 3),
(4, 30),
(4, 18),
(4, 31),
(4, 27),
(5, 21),
(5, 52),
(5, 20),
(5, 44),
(5, 15),
(5, 48),
(5, 9),
(5, 31),
(6, 20),
(6, 40),
(6, 28),
(6, 34),
(6, 2),
(6, 29),
(6, 22),
(6, 27),
(7, 51),
(7, 46),
(7, 47),
(7, 25),
(7, 23),
(7, 31),
(7, 41),
(7, 5),
(8, 32),
(8, 47),
(8, 17),
(8, 7),
(8, 31),
(8, 22),
(8, 33),
(8, 23),
(9, 4),
(9, 15),
(9, 29),
(9, 27),
(9, 7),
(9, 34),
(9, 42),
(9, 49),
(10, 6),
(10, 8),
(10, 40),
(10, 14),
(10, 31),
(10, 26),
(10, 45),
(10, 29),
(11, 21),
(11, 16),
(11, 53),
(11, 19),
(11, 36),
(11, 6),
(11, 51),
(11, 31),
(12, 15),
(12, 39),
(12, 51),
(12, 2),
(12, 1),
(12, 9),
(12, 7),
(12, 23),
(13, 13),
(13, 38),
(13, 41),
(13, 18),
(13, 34),
(13, 23),
(13, 51),
(13, 17),
(14, 33),
(14, 26),
(14, 35),
(14, 10),
(14, 36),
(14, 12),
(14, 17),
(14, 1),
(15, 15),
(15, 49),
(15, 28),
(15, 35),
(15, 20),
(15, 2),
(15, 6),
(15, 32),
(16, 28),
(16, 16),
(16, 23),
(16, 36),
(16, 41),
(16, 50),
(16, 27),
(16, 45),
(17, 22),
(17, 15),
(17, 36),
(17, 21),
(17, 13),
(17, 5),
(17, 47),
(17, 12),
(18, 15),
(18, 21),
(18, 35),
(18, 8),
(18, 51),
(18, 7),
(18, 27),
(18, 43),
(19, 6),
(19, 9),
(19, 11),
(19, 21),
(19, 3),
(19, 13),
(19, 16),
(19, 27),
(20, 48),
(20, 14),
(20, 51),
(20, 49),
(20, 44),
(20, 50),
(20, 25),
(20, 8),
(21, 16),
(21, 36),
(21, 15),
(21, 51),
(21, 40),
(21, 21),
(21, 24),
(21, 20),
(22, 16),
(22, 51),
(22, 41),
(22, 31),
(22, 21),
(22, 6),
(22, 3),
(22, 5),
(23, 27),
(23, 46),
(23, 29),
(23, 6),
(23, 41),
(23, 49),
(23, 2),
(23, 33),
(24, 50),
(24, 8),
(24, 41),
(24, 36),
(24, 24),
(24, 47),
(24, 11),
(24, 51),
(25, 29),
(25, 36),
(25, 30),
(25, 27),
(25, 46),
(25, 18),
(25, 1),
(25, 43);

-- === PHOTOS ===
INSERT INTO photos (id, url, description, uploaded_at) VALUES
(1, 'https://thumbs.dreamstime.com/b/year-old-boy-studying-pottery-clay-modeling-master-class-carpathians-ukraine-year-old-boy-studying-pottery-clay-modeling-216737745.jpg', 'Bowls, mugs, and a few laughs.', NOW()),
(2, 'https://thumbs.dreamstime.com/b/kids-dancing-class-traninng-scarfs-children-modern-group-choreography-45177643.jpg', 'Feeling the beat from head to toe.', NOW() - INTERVAL '1 days'),
(3, 'https://cms-artifacts.artlist.io/content/motion-array/405070/Little_Girl_In_A_Swimming_Pool_high_resolution_preview_405070.jpg?Expires=2036676907713&Key-Pair-Id=K2ZDLYDZI2R1DF&Signature=ovv0FCMBymNVEjFAFZMoLGC1skoO2OcY5eAZfdBEtlHQOm~J8KpdZG3BK2GzFTWNmhAIAsaHlrKrG7YSke2~UrRafuVCahUvF~iFaF~ILH2-6wo~UGbZx0S1pRgW1sorOjUNeAcfe9P45yJIe0RkNTfP9lNMKUDrjmLEH7nEh2Hbh9XeqySaWENlWAbh6e4UOOp7Pau0jORuOTDkpamSvkcvM6wvbMsiPzthGIA~qjJ1mPU~b09mj4mMZ4PPVoc97QsFNXPg2xy0kDSg1JflS0kINY9CypLVQ3SamiGBoIk~Dy8~QuqecjCk8VQfDN8n8Rtcw-tsoJb-WmnbiAjvsg__', 'Just keep swimming 🏊', NOW() - INTERVAL '2 days'),
(4, 'https://st2.depositphotos.com/5586578/10520/i/950/depositphotos_105208868-stock-photo-creative-happy-painter-paints-a.jpg', 'Abstract expressions all day.', NOW() - INTERVAL '3 days'),
(5, 'https://previews.123rf.com/images/pressmaster/pressmaster1505/pressmaster150500181/39635412-young-artist-looking-at-camera-on-background-of-his-painting.jpg', 'Lost in the strokes.', NOW()),
(6, 'https://c8.alamy.com/comp/2E143HP/sporty-female-swimmer-in-pool-2E143HP.jpg', 'Cool water, warm hearts.', NOW() - INTERVAL '1 days'),
(7, 'https://t4.ftcdn.net/jpg/01/78/54/25/360_F_178542579_QT5HuulpVUSvuOYrxFoDVWOKLzoNg1px.jpg', 'Abstract expressions all day.', NOW() - INTERVAL '2 days'),
(8, 'https://www.stockvault.net/data/2016/08/18/207762/preview16.jpg', 'Every step is an adventure.', NOW()),
(9, 'https://media.gettyimages.com/id/904172104/photo/weve-made-it-all-this-way-i-am-proud.jpg?s=612x612&w=gi&k=20&c=4v5eDfZYuB5LwKWS0ZWP_dIHrdC6es-kXrPO2JqcEqs=', 'Wander often, wonder always.', NOW() - INTERVAL '1 days'),
(10, 'https://cms-artifacts.artlist.io/content/motion-array/520373/Pretty_Women_Enjoying_Dance_Class_high_resolution_preview_520373.jpg?Expires=2036490592429&Key-Pair-Id=K2ZDLYDZI2R1DF&Signature=Obrjyd8zBNkTQtdtK92gPbxv53LRCQI3dZJ6by024MY4A1kzFfIr7uKDzw-tpf92dYmNfRrF13-RTie3hlnv0Vgb5JlsN6J0MwSqjMDNMB-3lXupVyuOBS5ZNTvg2mgVSISKWA7eSjJuq7CRQh0-Vff1iXF2qjxnYf69ECPTF6bVYtWUa0mIQjRWQ5ya6xL6vaUnFyzrM9NS1wZxH-z3SQAUtwsGIUqhTcCvXIjrY3QpgjCh5X91eUa9xawC3wFdrRvFrXmAQB6g9kw1BoXQPzFdRhj95qECU3NUGNadL-DcBOX~cj2lOsnhjp~cCltQxy7Xl7JPUQhr0t-yc2T7AA__', 'Finding rhythm in every step.', NOW() - INTERVAL '2 days'),
(11, 'https://images.pexels.com/photos/3965526/pexels-photo-3965526.jpeg?auto=compress&cs=tinysrgb&w=1260&h=750&dpr=1', 'From lump to lovely.', NOW() - INTERVAL '3 days'),
(12, 'https://media.istockphoto.com/id/498089329/photo/little-girls-dancing.jpg?s=612x612&w=0&k=20&c=qT0T2k2suvoQNVdi_5lJPTk45J3G7ust8roZTEFpQCA=', 'Breaking a sweat, catching a beat.', NOW()),
(13, 'https://st5.depositphotos.com/1003713/66422/i/1600/depositphotos_664226422-stock-photo-pottering-son-confident-young-man.jpg', 'From lump to lovely.', NOW() - INTERVAL '1 days'),
(14, 'https://cdn6.dissolve.com/p/D145_295_764/D145_295_764_1200.jpg', 'Nature never goes out of style.', NOW() - INTERVAL '2 days'),
(15, 'https://c8.alamy.com/comp/HNWFRN/mature-couple-with-teacher-in-pottery-class-HNWFRN.jpg', 'Just me and my wheel.', NOW() - INTERVAL '3 days'),
(16, 'https://c8.alamy.com/comp/2HB14WD/cool-male-dancer-doing-ballet-tip-toe-turn-during-break-dance-practice-in-studio-2HB14WD.jpg', 'Twist, turn, and groove.', NOW()),
(17, 'https://images.pexels.com/photos/8036838/pexels-photo-8036838.jpeg?auto=compress&cs=tinysrgb&w=1260&h=750&dpr=1', 'Caught in the moment of creativity.', NOW() - INTERVAL '1 days'),
(18, 'https://media.istockphoto.com/id/1303216086/photo/young-couple-of-hikers-bound-up-ridge-together.jpg?s=612x612&w=0&k=20&c=-Q_DMng9mzoQT8MrfX6CrvTqGvxjIiVz2DR1SKrkjd4=', 'Wander often, wonder always.', NOW()),
(19, 'https://static9.depositphotos.com/1594308/1163/i/450/depositphotos_11635045-stock-photo-family-on-matress.jpg', 'Floating my worries away.', NOW() - INTERVAL '1 days'),
(20, 'https://media.gettyimages.com/id/1293895976/photo/attention-to-detail-makes-all-the-difference.jpg?s=612x612&w=gi&k=20&c=jsuN_alLPRW85rr3Ce1tOD8EOLhEK35TY2_DBwLhaKM=', 'Pottery: where patience meets creativity.', NOW() - INTERVAL '2 days'),
(21, 'https://media.gettyimages.com/id/1412636572/photo/two-young-women-friends-enjoying-hand-clay-molding-on-pottery-wheel-workshop.jpg?s=612x612&w=gi&k=20&c=J8s1Gb8HpxdvY1pJMZ-zukmre9frsyQljEkdNwBB-QM=', 'Centering more than just clay today.', NOW() - INTERVAL '3 days'),
(22, 'https://t3.ftcdn.net/jpg/00/59/75/26/360_F_59752635_y1HkYJT4gsvGKOPBL8K8OQMwZbph0Tdo.jpg', 'Feeling the beat from head to toe.', NOW()),
(23, 'https://media.gettyimages.com/id/103056384/photo/student-working-with-clay-in-classroom.jpg?s=612x612&w=gi&k=20&c=_UrNAWg3PhGWioU_JhSNjjU10ijZWPiKaty5GujdCYg=', 'Just me and my wheel.', NOW() - INTERVAL '1 days'),
(24, 'https://images.stockcake.com/public/2/8/6/286ba175-841b-444c-8fe0-518d9b160b47_large/joyful-dance-class-stockcake.jpg', 'Feeling the beat from head to toe.', NOW() - INTERVAL '2 days'),
(25, 'https://c8.alamy.com/comp/ERBD68/older-woman-is-hiking-in-nature-ERBD68.jpg', 'Rocky paths and rewarding views.', NOW() - INTERVAL '3 days'),
(26, 'https://c8.alamy.com/comp/ERBD68/older-woman-is-hiking-in-nature-ERBD68.jpg', 'Chasing views and good vibes.', NOW()),
(27, 'https://media.gettyimages.com/id/1412636572/photo/two-young-women-friends-enjoying-hand-clay-molding-on-pottery-wheel-workshop.jpg?s=612x612&w=gi&k=20&c=J8s1Gb8HpxdvY1pJMZ-zukmre9frsyQljEkdNwBB-QM=', 'Pottery night success!', NOW() - INTERVAL '1 days'),
(28, 'https://images.pexels.com/photos/1266808/pexels-photo-1266808.jpeg?cs=srgb&dl=pexels-steve-1266808.jpg&fm=jpg', 'Mixing colors and catching vibes.', NOW() - INTERVAL '2 days'),
(29, 'https://media.istockphoto.com/id/1884847089/photo/senior-woman-on-pottery-class-at-a-ceramics-workshop.jpg?s=612x612&w=0&k=20&c=sISlRYqH0ViuzLNW-7jv4leJDDANE8QLovyeh5AjpqM=', 'Hands dirty, heart happy.', NOW() - INTERVAL '3 days'),
(30, 'https://thumbs.dreamstime.com/b/team-professional-painters-uniform-painting-white-wall-empty-room-paint-roller-building-contractors-doing-repair-345139541.jpg', 'Coloring outside the lines, literally.', NOW() - INTERVAL '4 days'),
(31, 'https://www.stockvault.net/data/2016/02/23/184786/preview16.jpg', 'Trail time is the best time.', NOW()),
(32, 'https://previews.123rf.com/images/nd3000/nd30001904/nd3000190401467/121379910-group-of-happy-young-people-friends-hiking-together-outdoor.jpg', 'Every step is an adventure.', NOW() - INTERVAL '1 days'),
(33, 'https://media.istockphoto.com/id/1884825617/photo/pottery-teacher-teaching-student-at-a-ceramics-workshop.jpg?s=612x612&w=0&k=20&c=_JjZpDBW60UMDTGQ31BapektHeBEaR6qpsd8LnXsnhE=', 'Centering more than just clay today.', NOW() - INTERVAL '2 days'),
(34, 'https://thumbs.dreamstime.com/b/senior-man-swimming-blue-ocean-health-activity-concept-senior-man-swimming-blue-ocean-health-activity-126005005.jpg', 'Making waves and memories.', NOW()),
(35, 'https://t3.ftcdn.net/jpg/02/79/12/64/360_F_279126480_SnYLQ4giezvQntosGqijPxvwIcaHLQAe.jpg', 'Rocky paths and rewarding views.', NOW() - INTERVAL '1 days'),
(36, 'https://img.pikbest.com/origin/05/89/62/07hpIkbEsTIZf.jpg!f305cw', 'Studio vibes and good energy.', NOW() - INTERVAL '2 days'),
(37, 'https://www.shutterstock.com/shutterstock/photos/2253572431/display_1500/stock-photo-african-american-woman-artist-smiling-confident-drawing-at-art-studio-2253572431.jpg', 'Coloring outside the lines, literally.', NOW()),
(38, 'https://images.stockcake.com/public/2/8/6/286ba175-841b-444c-8fe0-518d9b160b47_large/joyful-dance-class-stockcake.jpg', 'Twist, turn, and groove.', NOW() - INTERVAL '1 days'),
(39, 'https://previews.123rf.com/images/boggy22/boggy221801/boggy22180101112/94715290-young-man-making-and-decorating-pottery-in-workshop.jpg', 'Centering more than just clay today.', NOW() - INTERVAL '2 days'),
(40, 'https://previews.123rf.com/images/jackf/jackf1811/jackf181104713/111663786-smiling-sporty-adults-of-different-ages-dancing-at-dance-class.jpg', 'Twist, turn, and groove.', NOW() - INTERVAL '3 days'),
(41, 'https://previews.123rf.com/images/serezniy/serezniy1809/serezniy180903599/109039515-little-girl-in-swimming-pool-on-sunny-day.jpg', 'Underwater thoughts.', NOW() - INTERVAL '4 days'),
(42, 'https://www.shutterstock.com/image-photo/portrait-multicultural-pottery-course-attendees-600nw-2480656295.jpg', 'Centering more than just clay today.', NOW()),
(43, 'https://thumbs.dreamstime.com/b/kids-dancing-class-traninng-scarfs-children-modern-group-choreography-45177643.jpg', 'Breaking a sweat, catching a beat.', NOW() - INTERVAL '1 days'),
(44, 'https://images.pexels.com/photos/1415810/pexels-photo-1415810.jpeg?auto=compress&cs=tinysrgb&dpr=1&w=500', 'Swim, splash, smile.', NOW() - INTERVAL '2 days'),
(45, 'https://www.shutterstock.com/image-photo/portrait-multicultural-pottery-course-attendees-600nw-2480656295.jpg', 'Centering more than just clay today.', NOW() - INTERVAL '3 days'),
(46, 'https://images.unsplash.com/photo-1470376619031-a6791e534bf0?fm=jpg&q=60&w=3000&ixlib=rb-4.0.3&ixid=M3wxMjA3fDB8MHxzZWFyY2h8N3x8c3dpbW1pbmd8ZW58MHx8MHx8fDA%3D', 'Swim, splash, smile.', NOW() - INTERVAL '4 days'),
(47, 'https://freerangestock.com/sample/160041/woman-hiking-towards-mountain-under-cloudy-sky.jpg', 'Peak moments and fresh air.', NOW()),
(48, 'https://media.gettyimages.com/id/1412636572/photo/two-young-women-friends-enjoying-hand-clay-molding-on-pottery-wheel-workshop.jpg?s=612x612&w=gi&k=20&c=J8s1Gb8HpxdvY1pJMZ-zukmre9frsyQljEkdNwBB-QM=', 'Pottery: where patience meets creativity.', NOW() - INTERVAL '1 days'),
(49, 'https://t4.ftcdn.net/jpg/01/63/13/81/360_F_163138124_9lCV7ep4dYJlLApk7nq050lSnGwgAHVA.jpg', 'Swim, splash, smile.', NOW() - INTERVAL '2 days'),
(50, 'https://media.gettyimages.com/id/1293895976/photo/attention-to-detail-makes-all-the-difference.jpg?s=612x612&w=gi&k=20&c=jsuN_alLPRW85rr3Ce1tOD8EOLhEK35TY2_DBwLhaKM=', 'Shaping memories from clay.', NOW() - INTERVAL '3 days'),
(51, 'https://t4.ftcdn.net/jpg/04/48/77/29/360_F_448772985_m27ElmCFlqzL7d7tfwlSRNpnU6k7MA7l.jpg', 'Coloring outside the lines, literally.', NOW()),
(52, 'https://static8.depositphotos.com/1437210/901/i/450/depositphotos_9015455-stock-photo-diving.jpg', 'Freestyle kind of day.', NOW() - INTERVAL '1 days'),
(53, 'https://previews.123rf.com/images/serezniy/serezniy1809/serezniy180903599/109039515-little-girl-in-swimming-pool-on-sunny-day.jpg', 'Swim, splash, smile.', NOW() - INTERVAL '2 days'),
(54, 'https://media.istockphoto.com/id/938119364/photo/woman-painting.jpg?s=612x612&w=0&k=20&c=JKFJGiLlrK9gHKvwxSXRFjYLnvg7ArZBZw8bP8s6RJ8=', 'Canvas therapy session.', NOW() - INTERVAL '3 days'),
(55, 'https://t4.ftcdn.net/jpg/03/40/51/65/360_F_340516560_gKJSjmXXjDHu28s4JUkIGxRi3u9FhTjD.jpg', 'Every move is a mood.', NOW() - INTERVAL '4 days'),
(56, 'https://media.istockphoto.com/id/465383082/photo/female-swimmer-at-the-swimming-pool.jpg?s=612x612&w=0&k=20&c=tcTwN2rTvUBK4wddan_GUCxrXX6bBoU-hyrVMvmT0BM=', 'Cool water, warm hearts.', NOW()),
(57, 'https://media.istockphoto.com/id/1203626601/photo/artist-painting.jpg?s=612x612&w=0&k=20&c=-kseQCVRlF2JqJNb5zmATfsrGUjQ24dyinpb96YB7zE=', 'Abstract expressions all day.', NOW() - INTERVAL '1 days'),
(58, 'https://previews.123rf.com/images/seventyfour74/seventyfour741903/seventyfour74190300485/118890802-pottery-class-for-kids.jpg', 'Pottery night success!', NOW()),
(59, 'https://www.shutterstock.com/image-photo/group-boys-girls-teacher-doing-260nw-2472087871.jpg', 'Twist, turn, and groove.', NOW() - INTERVAL '1 days'),
(60, 'https://previews.123rf.com/images/gstockstudio/gstockstudio1610/gstockstudio161000494/65334862-passing-on-pottery-skills-cheerful-young-man-and-little-boy-making-ceramic-pot-on-the-pottery-class.jpg', 'Forming art one spin at a time.', NOW() - INTERVAL '2 days'),
(61, 'https://static6.depositphotos.com/1018414/558/i/450/depositphotos_5588990-stock-photo-little-girl-swimming-in-water.jpg', 'Freestyle kind of day.', NOW() - INTERVAL '3 days'),
(62, 'https://media.gettyimages.com/id/1343284990/photo/hispanic-group-dance-fitness-class.jpg?s=612x612&w=gi&k=20&c=1g0R6QJYzGSaBPqjcJ3j8qcwYI2WXweA4uFl5XKzTek=', 'Feeling the beat from head to toe.', NOW() - INTERVAL '4 days'),
(63, 'https://cdn6.dissolve.com/p/D985_64_530/D985_64_530_1200.jpg', 'Twist, turn, and groove.', NOW()),
(64, 'https://thumbs.dreamstime.com/b/colorful-abstract-acrylic-painting-natural-dynamic-mixture-colors-flow-background-30555980.jpg', 'Mixing colors and catching vibes.', NOW() - INTERVAL '1 days'),
(65, 'https://thumbs.dreamstime.com/b/hiking-trail-svaneti-region-georgia-two-hikers-men-walk-trek-mountain-tourists-backpacks-hike-highlands-trekking-127694858.jpg', 'Chasing views and good vibes.', NOW() - INTERVAL '2 days'),
(66, 'https://bodyliberationphotos.com/wp-content/uploads/2020/11/Plus-Size-amp-Diverse-Stock-Photo-Fat-Dance-Class-58092.jpg', 'Twist, turn, and groove.', NOW() - INTERVAL '3 days'),
(67, 'https://media.gettyimages.com/id/1412636572/photo/two-young-women-friends-enjoying-hand-clay-molding-on-pottery-wheel-workshop.jpg?s=612x612&w=gi&k=20&c=J8s1Gb8HpxdvY1pJMZ-zukmre9frsyQljEkdNwBB-QM=', 'Pottery: where patience meets creativity.', NOW() - INTERVAL '4 days'),
(68, 'https://images.stockcake.com/public/b/b/4/bb4f4881-8e82-4a0b-815c-ee9ec1f1f424_large/kids-creating-pottery-stockcake.jpg', 'Hands dirty, heart happy.', NOW()),
(69, 'https://thumbs.dreamstime.com/b/hiking-young-woman-sunny-day-high-mountains-33933566.jpg', 'Wander often, wonder always.', NOW() - INTERVAL '1 days'),
(70, 'https://c8.alamy.com/comp/M98819/austria-tyrol-young-man-hiking-in-the-mountains-M98819.jpg', 'Peak moments and fresh air.', NOW()),
(71, 'https://st3.depositphotos.com/2931363/12878/i/950/depositphotos_128787910-stock-photo-father-and-son-making-ceramic.jpg', 'Hands dirty, heart happy.', NOW() - INTERVAL '1 days'),
(72, 'https://burst.shopifycdn.com/photos/nature-photographer-in-california-mountains.jpg?width=1000&format=pjpg&exif=0&iptc=0', 'Peak moments and fresh air.', NOW() - INTERVAL '2 days'),
(73, 'https://images.stockcake.com/public/4/a/b/4abd173f-4c64-4b0e-b31c-208a8ab8f137_large/vibrant-dance-class-stockcake.jpg', 'Breaking a sweat, catching a beat.', NOW() - INTERVAL '3 days'),
(74, 'https://media.istockphoto.com/id/468936082/photo/young-children-practicing-dance.jpg?s=612x612&w=0&k=20&c=AwIlkwCmxCXyJVZq-NML1J50iWg6jG0g2UNPzxKcRwg=', 'Dance like nobody''s watching.', NOW() - INTERVAL '4 days'),
(75, 'https://media.gettyimages.com/id/459214425/photo/perfect-butterfly-stroke.jpg?s=612x612&w=gi&k=20&c=qVPwWvTg-Zf1ZuLl9JcGNSI4yldvyYC1_ZC-AlPfRdU=', 'Underwater thoughts.', NOW()),
(76, 'https://c8.alamy.com/comp/KE79JJ/female-artist-painting-in-art-studio-KE79JJ.jpg', 'Canvas therapy session.', NOW() - INTERVAL '1 days'),
(77, 'https://burst.shopifycdn.com/photos/hiker-climbing-mountains.jpg?width=1000&format=pjpg&exif=0&iptc=0', 'Nature never goes out of style.', NOW() - INTERVAL '2 days'),
(78, 'https://media.istockphoto.com/id/1190200652/photo/the-painter-hands.jpg?s=612x612&w=0&k=20&c=ejXBjL330H0_i7O90UaRnMqP2G-ZQLgI4XBeXxweWss=', 'Brushing up on my art skills 🎨', NOW() - INTERVAL '3 days'),
(79, 'https://t4.ftcdn.net/jpg/03/40/51/65/360_F_340516560_gKJSjmXXjDHu28s4JUkIGxRi3u9FhTjD.jpg', 'Breaking a sweat, catching a beat.', NOW() - INTERVAL '4 days'),
(80, 'https://static2.bigstockphoto.com/3/3/1/large1500/1337877.jpg', 'Brushing up on my art skills 🎨', NOW()),
(81, 'https://cms-artifacts.artlist.io/content/motion-array/520373/Pretty_Women_Enjoying_Dance_Class_high_resolution_preview_520373.jpg?Expires=2036490592429&Key-Pair-Id=K2ZDLYDZI2R1DF&Signature=Obrjyd8zBNkTQtdtK92gPbxv53LRCQI3dZJ6by024MY4A1kzFfIr7uKDzw-tpf92dYmNfRrF13-RTie3hlnv0Vgb5JlsN6J0MwSqjMDNMB-3lXupVyuOBS5ZNTvg2mgVSISKWA7eSjJuq7CRQh0-Vff1iXF2qjxnYf69ECPTF6bVYtWUa0mIQjRWQ5ya6xL6vaUnFyzrM9NS1wZxH-z3SQAUtwsGIUqhTcCvXIjrY3QpgjCh5X91eUa9xawC3wFdrRvFrXmAQB6g9kw1BoXQPzFdRhj95qECU3NUGNadL-DcBOX~cj2lOsnhjp~cCltQxy7Xl7JPUQhr0t-yc2T7AA__', 'Finding rhythm in every step.', NOW() - INTERVAL '1 days'),
(82, 'https://images.pexels.com/photos/1271619/pexels-photo-1271619.jpeg?cs=srgb&dl=pexels-andreimike-1271619.jpg&fm=jpg', 'Hike more, worry less.', NOW()),
(83, 'https://c8.alamy.com/comp/WBCB3E/professional-african-american-male-potter-painting-ceramic-pot-in-pottery-workshop-WBCB3E.jpg', 'Hands dirty, heart happy.', NOW() - INTERVAL '1 days'),
(84, 'https://www.shutterstock.com/image-photo/creating-ceramic-bowl-by-yourself-260nw-2495863893.jpg', 'Pottery night success!', NOW() - INTERVAL '2 days'),
(85, 'https://images.unsplash.com/photo-1470376619031-a6791e534bf0?fm=jpg&q=60&w=3000&ixlib=rb-4.0.3&ixid=M3wxMjA3fDB8MHxzZWFyY2h8N3x8c3dpbW1pbmd8ZW58MHx8MHx8fDA%3D', 'Cool water, warm hearts.', NOW()),
(86, 'https://img3.stockfresh.com/files/l/len44ik/m/62/4566669_stock-photo-cute-little-girl-in-swimming-pool.jpg', 'Pool days are the best days.', NOW() - INTERVAL '1 days'),
(87, 'https://images.pexels.com/photos/1415810/pexels-photo-1415810.jpeg?auto=compress&cs=tinysrgb&dpr=1&w=500', 'Freestyle kind of day.', NOW()),
(88, 'https://t3.ftcdn.net/jpg/01/09/20/40/360_F_109204081_CvSWBmG5pRGDwIERPX0Uv97YSn7dTdoV.jpg', 'Nature never goes out of style.', NOW() - INTERVAL '1 days'),
(89, 'https://www.shutterstock.com/image-photo/positive-boy-exercising-group-classmates-260nw-2326511733.jpg', 'Studio vibes and good energy.', NOW() - INTERVAL '2 days'),
(90, 'https://media.istockphoto.com/id/894870474/photo/two-women-at-a-pottery-workshop-making-clay-pots.jpg?s=612x612&w=0&k=20&c=6SJuo_uRLPJ3aD9YRHt8zJqcE1CO-vbBtjVgOlzoEq4=', 'Forming art one spin at a time.', NOW() - INTERVAL '3 days'),
(91, 'https://media.gettyimages.com/id/904172104/photo/weve-made-it-all-this-way-i-am-proud.jpg?s=612x612&w=gi&k=20&c=4v5eDfZYuB5LwKWS0ZWP_dIHrdC6es-kXrPO2JqcEqs=', 'Chasing views and good vibes.', NOW() - INTERVAL '4 days'),
(92, 'https://media.gettyimages.com/id/1357967978/photo/happy-group-of-people-in-a-pottery-class.jpg?s=612x612&w=gi&k=20&c=o2jx7hxZepqPBgX_OIGCCYU5CUKGNBqWnW3oc26S1vI=', 'Clay in motion, ideas in flow.', NOW()),
(93, 'https://images.pexels.com/photos/711187/pexels-photo-711187.jpeg?cs=srgb&dl=pexels-heart-rules-1656004-711187.jpg&fm=jpg', 'Freestyle kind of day.', NOW() - INTERVAL '1 days');

-- === POSTS ===
INSERT INTO posts (id, user_id, photo_id, title, body, created_at) VALUES
(1, 1, 1, 'Bowls, mugs, and a few laughs.', '', NOW()),
(2, 1, 2, 'Feeling the beat from head to toe.', '', NOW() - INTERVAL '1 days'),
(3, 1, 3, 'Just keep swimming 🏊', '', NOW() - INTERVAL '2 days'),
(4, 1, 4, 'Abstract expressions all day.', '', NOW() - INTERVAL '3 days'),
(5, 2, 5, 'Lost in the strokes.', '', NOW()),
(6, 2, 6, 'Cool water, warm hearts.', '', NOW() - INTERVAL '1 days'),
(7, 2, 7, 'Abstract expressions all day.', '', NOW() - INTERVAL '2 days'),
(8, 3, 8, 'Every step is an adventure.', '', NOW()),
(9, 3, 9, 'Wander often, wonder always.', '', NOW() - INTERVAL '1 days'),
(10, 3, 10, 'Finding rhythm in every step.', '', NOW() - INTERVAL '2 days'),
(11, 3, 11, 'From lump to lovely.', '', NOW() - INTERVAL '3 days'),
(12, 4, 12, 'Breaking a sweat, catching a beat.', '', NOW()),
(13, 4, 13, 'From lump to lovely.', '', NOW() - INTERVAL '1 days'),
(14, 4, 14, 'Nature never goes out of style.', '', NOW() - INTERVAL '2 days'),
(15, 4, 15, 'Just me and my wheel.', '', NOW() - INTERVAL '3 days'),
(16, 5, 16, 'Twist, turn, and groove.', '', NOW()),
(17, 5, 17, 'Caught in the moment of creativity.', '', NOW() - INTERVAL '1 days'),
(18, 6, 18, 'Wander often, wonder always.', '', NOW()),
(19, 6, 19, 'Floating my worries away.', '', NOW() - INTERVAL '1 days'),
(20, 6, 20, 'Pottery: where patience meets creativity.', '', NOW() - INTERVAL '2 days'),
(21, 6, 21, 'Centering more than just clay today.', '', NOW() - INTERVAL '3 days'),
(22, 7, 22, 'Feeling the beat from head to toe.', '', NOW()),
(23, 7, 23, 'Just me and my wheel.', '', NOW() - INTERVAL '1 days'),
(24, 7, 24, 'Feeling the beat from head to toe.', '', NOW() - INTERVAL '2 days'),
(25, 7, 25, 'Rocky paths and rewarding views.', '', NOW() - INTERVAL '3 days'),
(26, 8, 26, 'Chasing views and good vibes.', '', NOW()),
(27, 8, 27, 'Pottery night success!', '', NOW() - INTERVAL '1 days'),
(28, 8, 28, 'Mixing colors and catching vibes.', '', NOW() - INTERVAL '2 days'),
(29, 8, 29, 'Hands dirty, heart happy.', '', NOW() - INTERVAL '3 days'),
(30, 8, 30, 'Coloring outside the lines, literally.', '', NOW() - INTERVAL '4 days'),
(31, 9, 31, 'Trail time is the best time.', '', NOW()),
(32, 9, 32, 'Every step is an adventure.', '', NOW() - INTERVAL '1 days'),
(33, 9, 33, 'Centering more than just clay today.', '', NOW() - INTERVAL '2 days'),
(34, 10, 34, 'Making waves and memories.', '', NOW()),
(35, 10, 35, 'Rocky paths and rewarding views.', '', NOW() - INTERVAL '1 days'),
(36, 10, 36, 'Studio vibes and good energy.', '', NOW() - INTERVAL '2 days'),
(37, 11, 37, 'Coloring outside the lines, literally.', '', NOW()),
(38, 11, 38, 'Twist, turn, and groove.', '', NOW() - INTERVAL '1 days'),
(39, 11, 39, 'Centering more than just clay today.', '', NOW() - INTERVAL '2 days'),
(40, 11, 40, 'Twist, turn, and groove.', '', NOW() - INTERVAL '3 days'),
(41, 11, 41, 'Underwater thoughts.', '', NOW() - INTERVAL '4 days'),
(42, 12, 42, 'Centering more than just clay today.', '', NOW()),
(43, 12, 43, 'Breaking a sweat, catching a beat.', '', NOW() - INTERVAL '1 days'),
(44, 12, 44, 'Swim, splash, smile.', '', NOW() - INTERVAL '2 days'),
(45, 12, 45, 'Centering more than just clay today.', '', NOW() - INTERVAL '3 days'),
(46, 12, 46, 'Swim, splash, smile.', '', NOW() - INTERVAL '4 days'),
(47, 13, 47, 'Peak moments and fresh air.', '', NOW()),
(48, 13, 48, 'Pottery: where patience meets creativity.', '', NOW() - INTERVAL '1 days'),
(49, 13, 49, 'Swim, splash, smile.', '', NOW() - INTERVAL '2 days'),
(50, 13, 50, 'Shaping memories from clay.', '', NOW() - INTERVAL '3 days'),
(51, 14, 51, 'Coloring outside the lines, literally.', '', NOW()),
(52, 14, 52, 'Freestyle kind of day.', '', NOW() - INTERVAL '1 days'),
(53, 14, 53, 'Swim, splash, smile.', '', NOW() - INTERVAL '2 days'),
(54, 14, 54, 'Canvas therapy session.', '', NOW() - INTERVAL '3 days'),
(55, 14, 55, 'Every move is a mood.', '', NOW() - INTERVAL '4 days'),
(56, 15, 56, 'Cool water, warm hearts.', '', NOW()),
(57, 15, 57, 'Abstract expressions all day.', '', NOW() - INTERVAL '1 days'),
(58, 16, 58, 'Pottery night success!', '', NOW()),
(59, 16, 59, 'Twist, turn, and groove.', '', NOW() - INTERVAL '1 days'),
(60, 16, 60, 'Forming art one spin at a time.', '', NOW() - INTERVAL '2 days'),
(61, 16, 61, 'Freestyle kind of day.', '', NOW() - INTERVAL '3 days'),
(62, 16, 62, 'Feeling the beat from head to toe.', '', NOW() - INTERVAL '4 days'),
(63, 17, 63, 'Twist, turn, and groove.', '', NOW()),
(64, 17, 64, 'Mixing colors and catching vibes.', '', NOW() - INTERVAL '1 days'),
(65, 17, 65, 'Chasing views and good vibes.', '', NOW() - INTERVAL '2 days'),
(66, 17, 66, 'Twist, turn, and groove.', '', NOW() - INTERVAL '3 days'),
(67, 17, 67, 'Pottery: where patience meets creativity.', '', NOW() - INTERVAL '4 days'),
(68, 18, 68, 'Hands dirty, heart happy.', '', NOW()),
(69, 18, 69, 'Wander often, wonder always.', '', NOW() - INTERVAL '1 days'),
(70, 19, 70, 'Peak moments and fresh air.', '', NOW()),
(71, 19, 71, 'Hands dirty, heart happy.', '', NOW() - INTERVAL '1 days'),
(72, 19, 72, 'Peak moments and fresh air.', '', NOW() - INTERVAL '2 days'),
(73, 19, 73, 'Breaking a sweat, catching a beat.', '', NOW() - INTERVAL '3 days'),
(74, 19, 74, 'Dance like nobody''s watching.', '', NOW() - INTERVAL '4 days'),
(75, 20, 75, 'Underwater thoughts.', '', NOW()),
(76, 20, 76, 'Canvas therapy session.', '', NOW() - INTERVAL '1 days'),
(77, 20, 77, 'Nature never goes out of style.', '', NOW() - INTERVAL '2 days'),
(78, 20, 78, 'Brushing up on my art skills 🎨', '', NOW() - INTERVAL '3 days'),
(79, 20, 79, 'Breaking a sweat, catching a beat.', '', NOW() - INTERVAL '4 days'),
(80, 21, 80, 'Brushing up on my art skills 🎨', '', NOW()),
(81, 21, 81, 'Finding rhythm in every step.', '', NOW() - INTERVAL '1 days'),
(82, 22, 82, 'Hike more, worry less.', '', NOW()),
(83, 22, 83, 'Hands dirty, heart happy.', '', NOW() - INTERVAL '1 days'),
(84, 22, 84, 'Pottery night success!', '', NOW() - INTERVAL '2 days'),
(85, 23, 85, 'Cool water, warm hearts.', '', NOW()),
(86, 23, 86, 'Pool days are the best days.', '', NOW() - INTERVAL '1 days'),
(87, 24, 87, 'Freestyle kind of day.', '', NOW()),
(88, 24, 88, 'Nature never goes out of style.', '', NOW() - INTERVAL '1 days'),
(89, 24, 89, 'Studio vibes and good energy.', '', NOW() - INTERVAL '2 days'),
(90, 24, 90, 'Forming art one spin at a time.', '', NOW() - INTERVAL '3 days'),
(91, 24, 91, 'Chasing views and good vibes.', '', NOW() - INTERVAL '4 days'),
(92, 25, 92, 'Clay in motion, ideas in flow.', '', NOW()),
(93, 25, 93, 'Freestyle kind of day.', '', NOW() - INTERVAL '1 days');

-- === FRIENDS ===
INSERT INTO friends (user_id, friend_id) VALUES
(1, 2),
(1, 3),
(1, 6),
(1, 7),
(1, 11),
(1, 13),
(1, 15),
(1, 16),
(1, 17),
(1, 19),
(1, 20),
(1, 21),
(1, 22),
(1, 24),
(1, 25),
(2, 1),
(2, 3),
(2, 4),
(2, 5),
(2, 6),
(2, 7),
(2, 11),
(2, 13),
(2, 14),
(2, 15),
(2, 21),
(2, 22),
(2, 23),
(2, 24),
(3, 1),
(3, 2),
(3, 4),
(3, 7),
(3, 8),
(3, 10),
(3, 12),
(3, 16),
(3, 17),
(3, 18),
(3, 20),
(3, 23),
(3, 25),
(4, 2),
(4, 3),
(4, 5),
(4, 6),
(4, 7),
(4, 9),
(4, 11),
(4, 12),
(4, 13),
(4, 15),
(4, 18),
(4, 19),
(4, 21),
(4, 24),
(5, 2),
(5, 4),
(5, 9),
(5, 11),
(5, 12),
(5, 13),
(5, 15),
(5, 17),
(5, 19),
(5, 22),
(5, 24),
(6, 1),
(6, 2),
(6, 4),
(6, 8),
(6, 9),
(6, 10),
(6, 11),
(6, 12),
(6, 13),
(6, 14),
(6, 16),
(6, 18),
(6, 19),
(6, 20),
(6, 24),
(6, 25),
(7, 1),
(7, 2),
(7, 3),
(7, 4),
(7, 8),
(7, 9),
(7, 10),
(7, 11),
(7, 12),
(7, 13),
(7, 14),
(7, 15),
(7, 16),
(7, 17),
(7, 22),
(7, 25),
(8, 3),
(8, 6),
(8, 7),
(8, 9),
(8, 13),
(8, 16),
(8, 18),
(8, 19),
(8, 23),
(8, 25),
(9, 4),
(9, 5),
(9, 6),
(9, 7),
(9, 8),
(9, 10),
(9, 14),
(9, 15),
(9, 18),
(9, 21),
(10, 3),
(10, 6),
(10, 7),
(10, 9),
(10, 12),
(10, 13),
(10, 14),
(10, 17),
(10, 20),
(10, 21),
(10, 23),
(11, 1),
(11, 2),
(11, 4),
(11, 5),
(11, 6),
(11, 7),
(11, 14),
(11, 15),
(11, 18),
(11, 22),
(11, 23),
(11, 25),
(12, 3),
(12, 4),
(12, 5),
(12, 6),
(12, 7),
(12, 10),
(12, 13),
(12, 15),
(12, 18),
(12, 19),
(12, 20),
(13, 1),
(13, 2),
(13, 4),
(13, 5),
(13, 6),
(13, 7),
(13, 8),
(13, 10),
(13, 12),
(13, 16),
(13, 17),
(13, 18),
(13, 20),
(13, 24),
(13, 25),
(14, 2),
(14, 6),
(14, 7),
(14, 9),
(14, 10),
(14, 11),
(14, 15),
(14, 17),
(14, 19),
(14, 20),
(14, 24),
(14, 25),
(15, 1),
(15, 2),
(15, 4),
(15, 5),
(15, 7),
(15, 9),
(15, 11),
(15, 12),
(15, 14),
(15, 16),
(15, 17),
(15, 19),
(15, 21),
(15, 23),
(15, 25),
(16, 1),
(16, 3),
(16, 6),
(16, 7),
(16, 8),
(16, 13),
(16, 15),
(16, 17),
(16, 18),
(16, 21),
(17, 1),
(17, 3),
(17, 5),
(17, 7),
(17, 10),
(17, 13),
(17, 14),
(17, 15),
(17, 16),
(17, 18),
(17, 19),
(17, 21),
(17, 22),
(17, 25),
(18, 3),
(18, 4),
(18, 6),
(18, 8),
(18, 9),
(18, 11),
(18, 12),
(18, 13),
(18, 16),
(18, 17),
(18, 20),
(18, 24),
(19, 1),
(19, 4),
(19, 5),
(19, 6),
(19, 8),
(19, 12),
(19, 14),
(19, 15),
(19, 17),
(19, 20),
(19, 21),
(19, 23),
(20, 1),
(20, 3),
(20, 6),
(20, 10),
(20, 12),
(20, 13),
(20, 14),
(20, 18),
(20, 19),
(20, 21),
(20, 22),
(20, 23),
(20, 24),
(21, 1),
(21, 2),
(21, 4),
(21, 9),
(21, 10),
(21, 15),
(21, 16),
(21, 17),
(21, 19),
(21, 20),
(21, 23),
(21, 25),
(22, 1),
(22, 2),
(22, 5),
(22, 7),
(22, 11),
(22, 17),
(22, 20),
(22, 23),
(22, 24),
(23, 2),
(23, 3),
(23, 8),
(23, 10),
(23, 11),
(23, 15),
(23, 19),
(23, 20),
(23, 21),
(23, 22),
(23, 24),
(23, 25),
(24, 1),
(24, 2),
(24, 4),
(24, 5),
(24, 6),
(24, 13),
(24, 14),
(24, 18),
(24, 20),
(24, 22),
(24, 23),
(25, 1),
(25, 3),
(25, 6),
(25, 7),
(25, 8),
(25, 11),
(25, 13),
(25, 14),
(25, 15),
(25, 17),
(25, 21),
(25, 23);

-- === MATCHES ===
INSERT INTO matches (user_id, matched_user_id, matched_at) VALUES
(1, 8, '2025-04-21 21:52:58'),
(8, 1, '2025-04-21 21:52:58'),
(2, 12, '2025-04-23 16:23:51'),
(12, 2, '2025-04-23 16:23:51'),
(3, 17, '2025-04-20 20:02:27'),
(17, 3, '2025-04-20 20:02:27'),
(4, 10, '2025-04-20 12:09:28'),
(10, 4, '2025-04-20 12:09:28'),
(5, 11, '2025-04-20 20:52:00'),
(11, 5, '2025-04-20 20:52:00'),
(6, 10, '2025-04-23 00:11:03'),
(10, 6, '2025-04-23 00:11:03'),
(6, 15, '2025-04-22 04:09:21'),
(15, 6, '2025-04-22 04:09:21'),
(7, 3, '2025-04-20 19:15:50'),
(3, 7, '2025-04-20 19:15:50'),
(9, 14, '2025-04-20 05:21:51'),
(14, 9, '2025-04-20 05:21:51'),
(10, 24, '2025-04-20 23:44:31'),
(24, 10, '2025-04-20 23:44:31'),
(11, 9, '2025-04-21 11:30:33'),
(9, 11, '2025-04-21 11:30:33'),
(11, 19, '2025-04-21 16:01:36'),
(19, 11, '2025-04-21 16:01:36'),
(11, 6, '2025-04-22 23:44:16'),
(6, 11, '2025-04-22 23:44:16'),
(12, 19, '2025-04-20 07:28:06'),
(19, 12, '2025-04-20 07:28:06'),
(13, 11, '2025-04-22 20:49:11'),
(11, 13, '2025-04-22 20:49:11'),
(13, 17, '2025-04-20 04:13:00'),
(17, 13, '2025-04-20 04:13:00'),
(14, 21, '2025-04-21 22:32:08'),
(21, 14, '2025-04-21 22:32:08'),
(14, 13, '2025-04-20 14:04:47'),
(13, 14, '2025-04-20 14:04:47'),
(14, 16, '2025-04-21 13:36:59'),
(16, 14, '2025-04-21 13:36:59'),
(15, 22, '2025-04-20 10:36:28'),
(22, 15, '2025-04-20 10:36:28'),
(15, 3, '2025-04-21 17:20:15'),
(3, 15, '2025-04-21 17:20:15'),
(16, 15, '2025-04-21 16:04:40'),
(15, 16, '2025-04-21 16:04:40'),
(16, 9, '2025-04-23 19:52:57'),
(9, 16, '2025-04-23 19:52:57'),
(16, 22, '2025-04-20 05:48:58'),
(22, 16, '2025-04-20 05:48:58'),
(17, 7, '2025-04-21 03:35:52'),
(7, 17, '2025-04-21 03:35:52'),
(17, 18, '2025-04-21 05:25:20'),
(18, 17, '2025-04-21 05:25:20'),
(18, 2, '2025-04-21 11:49:23'),
(2, 18, '2025-04-21 11:49:23'),
(18, 24, '2025-04-23 19:24:43'),
(24, 18, '2025-04-23 19:24:43'),
(18, 4, '2025-04-23 06:02:47'),
(4, 18, '2025-04-23 06:02:47'),
(19, 9, '2025-04-21 02:05:18'),
(9, 19, '2025-04-21 02:05:18'),
(20, 24, '2025-04-23 08:46:21'),
(24, 20, '2025-04-23 08:46:21'),
(20, 7, '2025-04-22 23:40:21'),
(7, 20, '2025-04-22 23:40:21'),
(20, 15, '2025-04-20 19:39:00'),
(15, 20, '2025-04-20 19:39:00'),
(21, 5, '2025-04-20 15:01:43'),
(5, 21, '2025-04-20 15:01:43'),
(22, 14, '2025-04-22 19:53:28'),
(14, 22, '2025-04-22 19:53:28'),
(23, 18, '2025-04-22 10:45:23'),
(18, 23, '2025-04-22 10:45:23'),
(24, 12, '2025-04-23 00:56:25'),
(12, 24, '2025-04-23 00:56:25'),
(25, 14, '2025-04-20 08:36:58'),
(14, 25, '2025-04-20 08:36:58');
