-- ------------------------------------------------------------
        -- Dummy data generated on 2025-04-21T13:31:22
        -- Seed: 1337
        -- ------------------------------------------------------------

-- === USERS ===
INSERT INTO users (id, username, email, password_hash, created_at) VALUES
(1, 'user1', 'ashley25@example.com', '$2a$10$bxFZMt4M6IjHAKj6peP.wu6ps2TBA2RCoCoJCE..z/8oNJXJKJvTa', '2024-08-27 04:54:36'),
(2, 'user2', 'sandra46@example.net', '$2a$10$bxFZMt4M6IjHAKj6peP.wu6ps2TBA2RCoCoJCE..z/8oNJXJKJvTa', '2023-09-28 06:28:22'),
(3, 'user3', 'daniel61@example.net', '$2a$10$bxFZMt4M6IjHAKj6peP.wu6ps2TBA2RCoCoJCE..z/8oNJXJKJvTa', '2024-10-16 04:11:25'),
(4, 'user4', 'pamela64@example.net', '$2a$10$bxFZMt4M6IjHAKj6peP.wu6ps2TBA2RCoCoJCE..z/8oNJXJKJvTa', '2023-05-05 22:17:49'),
(5, 'user5', 'brooke73@example.org', '$2a$10$bxFZMt4M6IjHAKj6peP.wu6ps2TBA2RCoCoJCE..z/8oNJXJKJvTa', '2024-12-30 03:18:11'),
(6, 'user6', 'erin97@example.net', '$2a$10$bxFZMt4M6IjHAKj6peP.wu6ps2TBA2RCoCoJCE..z/8oNJXJKJvTa', '2023-11-13 19:16:46'),
(7, 'user7', 'amylittle@example.net', '$2a$10$bxFZMt4M6IjHAKj6peP.wu6ps2TBA2RCoCoJCE..z/8oNJXJKJvTa', '2024-07-13 11:36:44'),
(8, 'user8', 'jonessydney@example.net', '$2a$10$bxFZMt4M6IjHAKj6peP.wu6ps2TBA2RCoCoJCE..z/8oNJXJKJvTa', '2023-06-02 21:30:18'),
(9, 'user9', 'reidjames@example.com', '$2a$10$bxFZMt4M6IjHAKj6peP.wu6ps2TBA2RCoCoJCE..z/8oNJXJKJvTa', '2023-09-21 18:25:18'),
(10, 'user10', 'zcurry@example.net', '$2a$10$bxFZMt4M6IjHAKj6peP.wu6ps2TBA2RCoCoJCE..z/8oNJXJKJvTa', '2023-12-22 04:39:38'),
(11, 'user11', 'popecheryl@example.com', '$2a$10$bxFZMt4M6IjHAKj6peP.wu6ps2TBA2RCoCoJCE..z/8oNJXJKJvTa', '2024-07-09 10:53:07'),
(12, 'user12', 'andreaparsons@example.net', '$2a$10$bxFZMt4M6IjHAKj6peP.wu6ps2TBA2RCoCoJCE..z/8oNJXJKJvTa', '2024-11-06 09:43:01'),
(13, 'user13', 'melinda39@example.org', '$2a$10$bxFZMt4M6IjHAKj6peP.wu6ps2TBA2RCoCoJCE..z/8oNJXJKJvTa', '2024-06-06 00:41:25'),
(14, 'user14', 'kimberlywilliams@example.com', '$2a$10$bxFZMt4M6IjHAKj6peP.wu6ps2TBA2RCoCoJCE..z/8oNJXJKJvTa', '2024-10-19 14:47:27'),
(15, 'user15', 'bmcpherson@example.net', '$2a$10$bxFZMt4M6IjHAKj6peP.wu6ps2TBA2RCoCoJCE..z/8oNJXJKJvTa', '2024-05-04 19:17:21'),
(16, 'user16', 'jessica94@example.com', '$2a$10$bxFZMt4M6IjHAKj6peP.wu6ps2TBA2RCoCoJCE..z/8oNJXJKJvTa', '2023-06-12 23:01:29'),
(17, 'user17', 'stacieberger@example.com', '$2a$10$bxFZMt4M6IjHAKj6peP.wu6ps2TBA2RCoCoJCE..z/8oNJXJKJvTa', '2025-01-17 23:32:24'),
(18, 'user18', 'leestephanie@example.com', '$2a$10$bxFZMt4M6IjHAKj6peP.wu6ps2TBA2RCoCoJCE..z/8oNJXJKJvTa', '2025-03-03 17:20:02'),
(19, 'user19', 'spencerronald@example.net', '$2a$10$bxFZMt4M6IjHAKj6peP.wu6ps2TBA2RCoCoJCE..z/8oNJXJKJvTa', '2024-10-29 23:14:23'),
(20, 'user20', 'jordanjoyce@example.org', '$2a$10$bxFZMt4M6IjHAKj6peP.wu6ps2TBA2RCoCoJCE..z/8oNJXJKJvTa', '2023-06-04 13:05:29'),
(21, 'user21', 'ereed@example.org', '$2a$10$bxFZMt4M6IjHAKj6peP.wu6ps2TBA2RCoCoJCE..z/8oNJXJKJvTa', '2024-01-20 19:36:59'),
(22, 'user22', 'jennifer32@example.com', '$2a$10$bxFZMt4M6IjHAKj6peP.wu6ps2TBA2RCoCoJCE..z/8oNJXJKJvTa', '2024-02-20 11:05:56'),
(23, 'user23', 'ktran@example.org', '$2a$10$bxFZMt4M6IjHAKj6peP.wu6ps2TBA2RCoCoJCE..z/8oNJXJKJvTa', '2024-10-25 15:24:28'),
(24, 'user24', 'phillip39@example.com', '$2a$10$bxFZMt4M6IjHAKj6peP.wu6ps2TBA2RCoCoJCE..z/8oNJXJKJvTa', '2025-04-16 19:41:27'),
(25, 'user25', 'jenniferhowell@example.net', '$2a$10$bxFZMt4M6IjHAKj6peP.wu6ps2TBA2RCoCoJCE..z/8oNJXJKJvTa', '2023-12-27 22:24:30'),
(26, 'user26', 'johnsoncarol@example.net', '$2a$10$bxFZMt4M6IjHAKj6peP.wu6ps2TBA2RCoCoJCE..z/8oNJXJKJvTa', '2024-03-26 21:16:11'),
(27, 'user27', 'kathryn85@example.com', '$2a$10$bxFZMt4M6IjHAKj6peP.wu6ps2TBA2RCoCoJCE..z/8oNJXJKJvTa', '2025-02-28 22:28:38'),
(28, 'user28', 'jeffrey47@example.net', '$2a$10$bxFZMt4M6IjHAKj6peP.wu6ps2TBA2RCoCoJCE..z/8oNJXJKJvTa', '2024-02-10 12:08:07'),
(29, 'user29', 'rthomas@example.net', '$2a$10$bxFZMt4M6IjHAKj6peP.wu6ps2TBA2RCoCoJCE..z/8oNJXJKJvTa', '2023-10-22 22:37:36'),
(30, 'user30', 'fli@example.com', '$2a$10$bxFZMt4M6IjHAKj6peP.wu6ps2TBA2RCoCoJCE..z/8oNJXJKJvTa', '2024-10-12 03:46:11'),
(31, 'user31', 'petersonmaureen@example.com', '$2a$10$bxFZMt4M6IjHAKj6peP.wu6ps2TBA2RCoCoJCE..z/8oNJXJKJvTa', '2024-05-08 00:24:39'),
(32, 'user32', 'cdavies@example.net', '$2a$10$bxFZMt4M6IjHAKj6peP.wu6ps2TBA2RCoCoJCE..z/8oNJXJKJvTa', '2024-07-16 11:36:24'),
(33, 'user33', 'cgonzalez@example.org', '$2a$10$bxFZMt4M6IjHAKj6peP.wu6ps2TBA2RCoCoJCE..z/8oNJXJKJvTa', '2024-09-21 03:43:24'),
(34, 'user34', 'kevinvasquez@example.net', '$2a$10$bxFZMt4M6IjHAKj6peP.wu6ps2TBA2RCoCoJCE..z/8oNJXJKJvTa', '2023-10-04 02:43:02'),
(35, 'user35', 'amanda49@example.org', '$2a$10$bxFZMt4M6IjHAKj6peP.wu6ps2TBA2RCoCoJCE..z/8oNJXJKJvTa', '2024-10-01 19:24:33'),
(36, 'user36', 'williamgarza@example.net', '$2a$10$bxFZMt4M6IjHAKj6peP.wu6ps2TBA2RCoCoJCE..z/8oNJXJKJvTa', '2023-05-25 15:44:50'),
(37, 'user37', 'jphillips@example.org', '$2a$10$bxFZMt4M6IjHAKj6peP.wu6ps2TBA2RCoCoJCE..z/8oNJXJKJvTa', '2024-04-17 23:13:08'),
(38, 'user38', 'hermandebra@example.net', '$2a$10$bxFZMt4M6IjHAKj6peP.wu6ps2TBA2RCoCoJCE..z/8oNJXJKJvTa', '2024-05-05 20:06:28'),
(39, 'user39', 'bmoss@example.org', '$2a$10$bxFZMt4M6IjHAKj6peP.wu6ps2TBA2RCoCoJCE..z/8oNJXJKJvTa', '2024-12-26 06:11:49'),
(40, 'user40', 'franciscowalton@example.net', '$2a$10$bxFZMt4M6IjHAKj6peP.wu6ps2TBA2RCoCoJCE..z/8oNJXJKJvTa', '2023-05-24 22:39:10'),
(41, 'user41', 'zmurray@example.com', '$2a$10$bxFZMt4M6IjHAKj6peP.wu6ps2TBA2RCoCoJCE..z/8oNJXJKJvTa', '2024-09-25 23:54:02'),
(42, 'user42', 'karen06@example.com', '$2a$10$bxFZMt4M6IjHAKj6peP.wu6ps2TBA2RCoCoJCE..z/8oNJXJKJvTa', '2024-12-27 09:59:20'),
(43, 'user43', 'gloverchristopher@example.org', '$2a$10$bxFZMt4M6IjHAKj6peP.wu6ps2TBA2RCoCoJCE..z/8oNJXJKJvTa', '2025-03-27 00:46:47'),
(44, 'user44', 'crystal32@example.net', '$2a$10$bxFZMt4M6IjHAKj6peP.wu6ps2TBA2RCoCoJCE..z/8oNJXJKJvTa', '2023-09-21 23:29:32'),
(45, 'user45', 'millerandrea@example.com', '$2a$10$bxFZMt4M6IjHAKj6peP.wu6ps2TBA2RCoCoJCE..z/8oNJXJKJvTa', '2024-07-13 14:55:28'),
(46, 'user46', 'sandrakline@example.com', '$2a$10$bxFZMt4M6IjHAKj6peP.wu6ps2TBA2RCoCoJCE..z/8oNJXJKJvTa', '2023-10-15 17:30:10'),
(47, 'user47', 'jmurphy@example.com', '$2a$10$bxFZMt4M6IjHAKj6peP.wu6ps2TBA2RCoCoJCE..z/8oNJXJKJvTa', '2024-04-23 12:55:25'),
(48, 'user48', 'charlesjones@example.net', '$2a$10$bxFZMt4M6IjHAKj6peP.wu6ps2TBA2RCoCoJCE..z/8oNJXJKJvTa', '2024-09-16 18:21:34'),
(49, 'user49', 'michaelcarpenter@example.org', '$2a$10$bxFZMt4M6IjHAKj6peP.wu6ps2TBA2RCoCoJCE..z/8oNJXJKJvTa', '2023-04-22 04:52:48'),
(50, 'user50', 'brianpierce@example.org', '$2a$10$bxFZMt4M6IjHAKj6peP.wu6ps2TBA2RCoCoJCE..z/8oNJXJKJvTa', '2025-02-06 12:27:03'),
(51, 'user51', 'hmullen@example.net', '$2a$10$bxFZMt4M6IjHAKj6peP.wu6ps2TBA2RCoCoJCE..z/8oNJXJKJvTa', '2025-04-03 00:30:30'),
(52, 'user52', 'eric06@example.com', '$2a$10$bxFZMt4M6IjHAKj6peP.wu6ps2TBA2RCoCoJCE..z/8oNJXJKJvTa', '2024-05-03 17:36:14'),
(53, 'user53', 'benjamin50@example.net', '$2a$10$bxFZMt4M6IjHAKj6peP.wu6ps2TBA2RCoCoJCE..z/8oNJXJKJvTa', '2023-06-05 00:35:40'),
(54, 'user54', 'malonebrian@example.com', '$2a$10$bxFZMt4M6IjHAKj6peP.wu6ps2TBA2RCoCoJCE..z/8oNJXJKJvTa', '2025-01-03 03:54:46'),
(55, 'user55', 'zhanson@example.com', '$2a$10$bxFZMt4M6IjHAKj6peP.wu6ps2TBA2RCoCoJCE..z/8oNJXJKJvTa', '2023-09-04 00:32:18'),
(56, 'user56', 'crawfordemily@example.org', '$2a$10$bxFZMt4M6IjHAKj6peP.wu6ps2TBA2RCoCoJCE..z/8oNJXJKJvTa', '2023-09-16 06:52:35'),
(57, 'user57', 'colemanchristopher@example.net', '$2a$10$bxFZMt4M6IjHAKj6peP.wu6ps2TBA2RCoCoJCE..z/8oNJXJKJvTa', '2024-08-30 22:44:32'),
(58, 'user58', 'robertdyer@example.org', '$2a$10$bxFZMt4M6IjHAKj6peP.wu6ps2TBA2RCoCoJCE..z/8oNJXJKJvTa', '2023-10-12 16:26:39'),
(59, 'user59', 'samuelcoleman@example.net', '$2a$10$bxFZMt4M6IjHAKj6peP.wu6ps2TBA2RCoCoJCE..z/8oNJXJKJvTa', '2024-06-19 16:42:53'),
(60, 'user60', 'damon54@example.org', '$2a$10$bxFZMt4M6IjHAKj6peP.wu6ps2TBA2RCoCoJCE..z/8oNJXJKJvTa', '2024-10-24 05:14:08'),
(61, 'user61', 'urichardson@example.org', '$2a$10$bxFZMt4M6IjHAKj6peP.wu6ps2TBA2RCoCoJCE..z/8oNJXJKJvTa', '2024-12-15 17:51:15'),
(62, 'user62', 'breanna53@example.org', '$2a$10$bxFZMt4M6IjHAKj6peP.wu6ps2TBA2RCoCoJCE..z/8oNJXJKJvTa', '2025-03-17 20:17:23'),
(63, 'user63', 'terrybryan@example.net', '$2a$10$bxFZMt4M6IjHAKj6peP.wu6ps2TBA2RCoCoJCE..z/8oNJXJKJvTa', '2024-06-05 16:10:28'),
(64, 'user64', 'zwerner@example.com', '$2a$10$bxFZMt4M6IjHAKj6peP.wu6ps2TBA2RCoCoJCE..z/8oNJXJKJvTa', '2023-04-22 04:16:10'),
(65, 'user65', 'gregorytara@example.net', '$2a$10$bxFZMt4M6IjHAKj6peP.wu6ps2TBA2RCoCoJCE..z/8oNJXJKJvTa', '2024-04-10 15:25:02'),
(66, 'user66', 'brauncarla@example.net', '$2a$10$bxFZMt4M6IjHAKj6peP.wu6ps2TBA2RCoCoJCE..z/8oNJXJKJvTa', '2024-04-04 02:54:17'),
(67, 'user67', 'christopherhaas@example.net', '$2a$10$bxFZMt4M6IjHAKj6peP.wu6ps2TBA2RCoCoJCE..z/8oNJXJKJvTa', '2025-02-15 18:02:22'),
(68, 'user68', 'julie02@example.org', '$2a$10$bxFZMt4M6IjHAKj6peP.wu6ps2TBA2RCoCoJCE..z/8oNJXJKJvTa', '2023-07-14 17:37:55'),
(69, 'user69', 'leahortiz@example.org', '$2a$10$bxFZMt4M6IjHAKj6peP.wu6ps2TBA2RCoCoJCE..z/8oNJXJKJvTa', '2023-09-25 11:23:19'),
(70, 'user70', 'paul51@example.com', '$2a$10$bxFZMt4M6IjHAKj6peP.wu6ps2TBA2RCoCoJCE..z/8oNJXJKJvTa', '2024-08-14 08:51:04'),
(71, 'user71', 'frankgreene@example.com', '$2a$10$bxFZMt4M6IjHAKj6peP.wu6ps2TBA2RCoCoJCE..z/8oNJXJKJvTa', '2023-11-16 19:24:53'),
(72, 'user72', 'craigjuan@example.com', '$2a$10$bxFZMt4M6IjHAKj6peP.wu6ps2TBA2RCoCoJCE..z/8oNJXJKJvTa', '2023-08-17 13:53:46'),
(73, 'user73', 'gallaghernancy@example.org', '$2a$10$bxFZMt4M6IjHAKj6peP.wu6ps2TBA2RCoCoJCE..z/8oNJXJKJvTa', '2024-10-20 06:23:15'),
(74, 'user74', 'edwinguerrero@example.org', '$2a$10$bxFZMt4M6IjHAKj6peP.wu6ps2TBA2RCoCoJCE..z/8oNJXJKJvTa', '2023-10-23 08:51:48'),
(75, 'user75', 'david31@example.net', '$2a$10$bxFZMt4M6IjHAKj6peP.wu6ps2TBA2RCoCoJCE..z/8oNJXJKJvTa', '2024-05-26 06:00:19'),
(76, 'user76', 'khowell@example.com', '$2a$10$bxFZMt4M6IjHAKj6peP.wu6ps2TBA2RCoCoJCE..z/8oNJXJKJvTa', '2024-11-09 11:33:26'),
(77, 'user77', 'zdavis@example.org', '$2a$10$bxFZMt4M6IjHAKj6peP.wu6ps2TBA2RCoCoJCE..z/8oNJXJKJvTa', '2024-10-29 18:10:02'),
(78, 'user78', 'jennifer80@example.net', '$2a$10$bxFZMt4M6IjHAKj6peP.wu6ps2TBA2RCoCoJCE..z/8oNJXJKJvTa', '2025-04-05 13:40:29'),
(79, 'user79', 'craighawkins@example.com', '$2a$10$bxFZMt4M6IjHAKj6peP.wu6ps2TBA2RCoCoJCE..z/8oNJXJKJvTa', '2023-12-29 21:48:41'),
(80, 'user80', 'robyn46@example.com', '$2a$10$bxFZMt4M6IjHAKj6peP.wu6ps2TBA2RCoCoJCE..z/8oNJXJKJvTa', '2024-01-11 09:53:14'),
(81, 'user81', 'mayamber@example.net', '$2a$10$bxFZMt4M6IjHAKj6peP.wu6ps2TBA2RCoCoJCE..z/8oNJXJKJvTa', '2023-11-16 20:55:01'),
(82, 'user82', 'austin50@example.org', '$2a$10$bxFZMt4M6IjHAKj6peP.wu6ps2TBA2RCoCoJCE..z/8oNJXJKJvTa', '2024-03-19 16:27:28'),
(83, 'user83', 'ptanner@example.net', '$2a$10$bxFZMt4M6IjHAKj6peP.wu6ps2TBA2RCoCoJCE..z/8oNJXJKJvTa', '2024-01-13 23:07:35'),
(84, 'user84', 'carolyndudley@example.net', '$2a$10$bxFZMt4M6IjHAKj6peP.wu6ps2TBA2RCoCoJCE..z/8oNJXJKJvTa', '2023-05-08 09:56:54'),
(85, 'user85', 'mjones@example.net', '$2a$10$bxFZMt4M6IjHAKj6peP.wu6ps2TBA2RCoCoJCE..z/8oNJXJKJvTa', '2024-06-11 10:02:34'),
(86, 'user86', 'ndoyle@example.net', '$2a$10$bxFZMt4M6IjHAKj6peP.wu6ps2TBA2RCoCoJCE..z/8oNJXJKJvTa', '2024-05-06 07:17:59'),
(87, 'user87', 'thart@example.net', '$2a$10$bxFZMt4M6IjHAKj6peP.wu6ps2TBA2RCoCoJCE..z/8oNJXJKJvTa', '2023-07-30 06:47:00'),
(88, 'user88', 'ygray@example.org', '$2a$10$bxFZMt4M6IjHAKj6peP.wu6ps2TBA2RCoCoJCE..z/8oNJXJKJvTa', '2023-06-20 07:18:14'),
(89, 'user89', 'mark49@example.com', '$2a$10$bxFZMt4M6IjHAKj6peP.wu6ps2TBA2RCoCoJCE..z/8oNJXJKJvTa', '2024-10-26 06:56:12'),
(90, 'user90', 'daniel92@example.org', '$2a$10$bxFZMt4M6IjHAKj6peP.wu6ps2TBA2RCoCoJCE..z/8oNJXJKJvTa', '2024-01-17 09:33:39'),
(91, 'user91', 'handerson@example.net', '$2a$10$bxFZMt4M6IjHAKj6peP.wu6ps2TBA2RCoCoJCE..z/8oNJXJKJvTa', '2023-08-18 16:55:55'),
(92, 'user92', 'whale@example.net', '$2a$10$bxFZMt4M6IjHAKj6peP.wu6ps2TBA2RCoCoJCE..z/8oNJXJKJvTa', '2024-03-24 02:24:42'),
(93, 'user93', 'parsonskevin@example.com', '$2a$10$bxFZMt4M6IjHAKj6peP.wu6ps2TBA2RCoCoJCE..z/8oNJXJKJvTa', '2024-11-06 04:42:14'),
(94, 'user94', 'dhanson@example.org', '$2a$10$bxFZMt4M6IjHAKj6peP.wu6ps2TBA2RCoCoJCE..z/8oNJXJKJvTa', '2023-07-10 13:50:27'),
(95, 'user95', 'donovanjimmy@example.org', '$2a$10$bxFZMt4M6IjHAKj6peP.wu6ps2TBA2RCoCoJCE..z/8oNJXJKJvTa', '2023-10-18 22:37:01'),
(96, 'user96', 'ericksonjill@example.org', '$2a$10$bxFZMt4M6IjHAKj6peP.wu6ps2TBA2RCoCoJCE..z/8oNJXJKJvTa', '2025-03-26 23:31:02'),
(97, 'user97', 'silvaalexa@example.org', '$2a$10$bxFZMt4M6IjHAKj6peP.wu6ps2TBA2RCoCoJCE..z/8oNJXJKJvTa', '2024-07-09 16:01:58'),
(98, 'user98', 'kimberly95@example.org', '$2a$10$bxFZMt4M6IjHAKj6peP.wu6ps2TBA2RCoCoJCE..z/8oNJXJKJvTa', '2023-12-09 02:46:47'),
(99, 'user99', 'sharon49@example.com', '$2a$10$bxFZMt4M6IjHAKj6peP.wu6ps2TBA2RCoCoJCE..z/8oNJXJKJvTa', '2025-01-09 14:00:01'),
(100, 'user100', 'jennifer08@example.net', '$2a$10$bxFZMt4M6IjHAKj6peP.wu6ps2TBA2RCoCoJCE..z/8oNJXJKJvTa', '2025-02-23 09:33:35');

-- === PROFILES ===
INSERT INTO profiles (user_id, display_name, biography, birthday, profile_picture_url, spotify_song_id, user_location_text, user_location, match_distance_miles, gender, preferred_gender, preferred_age_min, preferred_age_max) VALUES
(1, 'Jessica Ross', 'Do relationship military idea. Open eight computer ability point finish agree experience. Modern hotel glass she single.', '1992-10-04', 'https://hips.hearstapps.com/hmg-prod/images/large-cat-breed-1553197454.jpg?crop=1xw:0.75xh;center,top&resize=1200:*', NULL, 'Fort Collins', ST_SetSRID(ST_MakePoint(-103.068789, 38.376093),4326)::GEOGRAPHY, 588, 'female', 'male', 27, 36),
(2, 'Leslie Tran', 'All future body wide hope black. Very dinner enter physical treat suffer blue. Attention almost TV degree record.', '1992-10-13', 'https://hips.hearstapps.com/hmg-prod/images/close-up-portrait-of-cat-sitting-on-floor-royalty-free-image-1718201739.jpg?crop=0.668xw:1.00xh;0.180xw,0&resize=980:*', NULL, 'Denver', ST_SetSRID(ST_MakePoint(-105.090246, 38.394588),4326)::GEOGRAPHY, 661, 'female', 'female', 22, 86),
(3, 'Nicholas Howard', 'Performance customer with foot may full Mrs. Fine store leader visit kitchen. Wear allow data series.', '2002-06-07', 'https://bestfriends.org/sites/default/files/styles/hero_mobile/public/hero-dash/Asana3808_Dashboard_Standard.jpg?h=ebad9ecf&itok=cWevo33k', NULL, 'Aspen', ST_SetSRID(ST_MakePoint(-107.264631, 37.301778),4326)::GEOGRAPHY, 96, 'male', 'male', 19, 53),
(4, 'Michael Lee', 'Film the enough treat here per than. Election standard firm model truth many stand.', '1993-11-29', 'https://www.humaneworld.org/sites/default/files/styles/responsive_3_4_500w/public/2022-12/winter-cat-260203_0.jpg.webp?itok=Kq7v5gi3', NULL, 'Aurora', ST_SetSRID(ST_MakePoint(-106.892893, 39.865527),4326)::GEOGRAPHY, 200, 'male', 'female', 18, 83),
(5, 'Robert Gray', 'Store free give follow. Address he the team policy free personal one. Camera discover ground themselves century.', '2006-01-30', 'https://cdn.britannica.com/93/181393-050-9FC2E61A/cat-Alison-Eldridge-orange-Calico.jpg', NULL, 'Aurora', ST_SetSRID(ST_MakePoint(-107.964546, 40.518316),4326)::GEOGRAPHY, 890, 'female', 'male', 28, 42),
(6, 'Kathryn Espinoza', 'Improve discussion early vote move would. Office so free break. Book of however already every.', '1986-06-03', 'https://static.scientificamerican.com/sciam/cache/file/2AE14CDD-1265-470C-9B15F49024186C10_source.jpg?w=1200', NULL, 'Greeley', ST_SetSRID(ST_MakePoint(-103.795167, 37.029440),4326)::GEOGRAPHY, 130, 'female', 'any', 28, 77),
(7, 'Mary Miller', 'Deep stage huge there similar your television early. Song beat lose participant study.
Best data PM might.', '1983-01-02', 'https://www.calgaryzoo.com/wp-content/uploads/2024/09/DSC01798-1.jpg', NULL, 'Pueblo', ST_SetSRID(ST_MakePoint(-105.855784, 38.237861),4326)::GEOGRAPHY, 915, 'female', 'male', 26, 55),
(8, 'Shawn Hall', 'Mouth whole wife wall. Wrong five along each. Soldier sense purpose both next.', '1985-12-30', 'https://woodgreen.org.uk/nitropack_static/xoJzNJaUrazkmGClTAEjQlzsnLULSpuy/assets/images/optimized/rev-fd6ce3e/woodgreen.org.uk/wp-content/uploads/2021/12/tabby_cat_in_the_garden-1536x0-c-default.webp', NULL, 'Aspen', ST_SetSRID(ST_MakePoint(-102.961364, 40.228885),4326)::GEOGRAPHY, 314, 'female', 'female', 26, 36),
(9, 'Holly Martin', 'Lay remain act able still do spend. Yes seven long detail economic surface feel stop. Join important group through.', '1998-06-02', 'https://s7d2.scene7.com/is/image/PetSmart/WEB-2426203-Aug24-6TUS1_EGDealsCat_DMA', NULL, 'Vail', ST_SetSRID(ST_MakePoint(-108.641818, 38.166361),4326)::GEOGRAPHY, 841, 'female', 'female', 27, 60),
(10, 'Johnathan Medina', 'Lot walk professional teach line partner. Just floor benefit sort explain away.', '1987-08-07', 'https://images.ctfassets.net/82d3r48zq721/5nu9ucFJsFxIyP3Gtn0k3R/1e9540898865229d64b2eae22a5bb286/White-kitten-wrapped-in-blankets_resized.jpg?w=800&q=50', NULL, 'Fort Collins', ST_SetSRID(ST_MakePoint(-106.968109, 40.333351),4326)::GEOGRAPHY, 329, 'female', 'female', 27, 71),
(11, 'David White', 'Never man them ball billion its. Type idea soon.
Training interest home. Hold difficult into practice. Someone eight create always reveal.', '1988-03-17', 'https://bestfriends.org/sites/default/files/resource_article_images/Robin-cat-5178LF.jpg', NULL, 'Pueblo', ST_SetSRID(ST_MakePoint(-106.023908, 37.865832),4326)::GEOGRAPHY, 730, 'male', 'female', 24, 38),
(12, 'Sarah James', 'Technology question out century happy. Feel future politics firm my.', '1993-10-16', 'https://bestfriends.org/sites/default/files/styles/hero_mobile/public/hero-dash/Asana3808_Dashboard_Standard.jpg?h=ebad9ecf&itok=cWevo33k', NULL, 'Vail', ST_SetSRID(ST_MakePoint(-105.566379, 38.410539),4326)::GEOGRAPHY, 190, 'female', 'male', 20, 64),
(13, 'Jill Martin', 'Age own until. Power tree camera through establish.', '1986-05-27', 'https://cdn.theatlantic.com/thumbor/W544GIT4l3z8SG-FMUoaKpFLaxE=/0x131:2555x1568/1600x900/media/img/mt/2017/06/shutterstock_319985324/original.jpg', NULL, 'Aspen', ST_SetSRID(ST_MakePoint(-107.794463, 39.041260),4326)::GEOGRAPHY, 118, 'female', 'male', 23, 85),
(14, 'Kathy Davenport', 'Expert drive election democratic quickly. Word bad appear create itself street seat pay.', '2000-02-01', 'https://images2.minutemediacdn.com/image/upload/c_fill,w_1200,ar_1:1,f_auto,q_auto,g_auto/shape/cover/sport/578211-gettyimages-542930526-aef7b0e9536cbdb1633029d5801c0649.jpg', NULL, 'Loveland', ST_SetSRID(ST_MakePoint(-104.700948, 40.788951),4326)::GEOGRAPHY, 711, 'other', 'male', 29, 39),
(15, 'Daniel Powers', 'Capital tough task professor civil. Environment share style forget body contain. Concern most whose center get guess every.', '1987-05-11', 'https://humaneanimalrescue.org/wp-content/uploads/2019/08/community-cats-copy.jpg', NULL, 'Boulder', ST_SetSRID(ST_MakePoint(-108.964646, 39.923767),4326)::GEOGRAPHY, 247, 'female', 'female', 20, 47),
(16, 'Lori Gonzales', 'Company despite relate attention some about. Amount by course analysis. North garden parent party them certain catch.', '1986-05-23', 'https://images.squarespace-cdn.com/content/v1/65a18fdea1d38d21e97fdd66/86f50f78-4390-4508-8714-7414e77b49aa/Everly.png', NULL, 'Aspen', ST_SetSRID(ST_MakePoint(-103.443712, 38.872507),4326)::GEOGRAPHY, 970, 'male', 'male', 19, 85),
(17, 'Timothy Smith', 'Understand successful people yeah school technology. Industry information hundred ago event network best science.', '2006-01-05', 'https://cms.bps.org.uk/sites/default/files/styles/responsive/public/765/534/0/2022-09/Grumpy%20cat%202.jpeg', NULL, 'Greeley', ST_SetSRID(ST_MakePoint(-108.338102, 39.066530),4326)::GEOGRAPHY, 429, 'female', 'nonbinary', 30, 53),
(18, 'Ryan Jefferson Jr.', 'Some official region no call not. Available choose young.', '1979-12-06', 'https://www.aspca.org/sites/default/files/cat-care_general-cat-care_body1-left.jpg', NULL, 'Fort Collins', ST_SetSRID(ST_MakePoint(-104.195477, 38.187421),4326)::GEOGRAPHY, 173, 'female', 'male', 29, 96),
(19, 'Debra Carrillo', 'Although so government. Last or speech remain movement great. Find order us director certain.', '2002-08-10', 'https://www.purina.in/sites/default/files/2020-12/The%20History%20of%20CatsHERO.jpg', NULL, 'Grand Junction', ST_SetSRID(ST_MakePoint(-108.846685, 37.840973),4326)::GEOGRAPHY, 831, 'female', 'male', 27, 66),
(20, 'Natasha Spears', 'Piece any book new try relate real fill. We Mrs chair story put share nice. Moment provide draw then think prove.', '2003-08-26', 'https://media.4-paws.org/a/e/6/f/ae6fefbd6d12cfc50d51ebb7da9d7cbdb322d006/VIER%20PFOTEN_2020-10-07_00138-2890x2000-1920x1329.jpg', NULL, 'Grand Junction', ST_SetSRID(ST_MakePoint(-106.178212, 37.818054),4326)::GEOGRAPHY, 202, 'female', 'male', 18, 68),
(21, 'William Holloway', 'War leave item.
Brother allow itself. Wait wear behavior meet suggest well.', '1986-06-27', 'https://media.istockphoto.com/id/1443562748/photo/cute-ginger-cat.jpg?s=612x612&w=0&k=20&c=vvM97wWz-hMj7DLzfpYRmY2VswTqcFEKkC437hxm3Cg=', NULL, 'Grand Junction', ST_SetSRID(ST_MakePoint(-106.588243, 40.469238),4326)::GEOGRAPHY, 315, 'female', 'female', 26, 100),
(22, 'Sandra Caldwell', 'Every I whole window whose kind. Nation avoid draw break hold property. Else throw general trade.', '1995-05-26', 'https://images.squarespace-cdn.com/content/v1/65a18fdea1d38d21e97fdd66/86f50f78-4390-4508-8714-7414e77b49aa/Everly.png', NULL, 'Boulder', ST_SetSRID(ST_MakePoint(-106.062136, 39.828351),4326)::GEOGRAPHY, 490, 'female', 'nonbinary', 29, 41),
(23, 'Corey Douglas', 'Political smile wife wrong apply. Writer up man wide. Sort south better market memory television.', '1982-10-19', 'https://www.thesprucepets.com/thmb/qu1ksKGL75-FYqaVSnFRmk_T5_U=/1500x375/filters:no_upscale():strip_icc()/cats-recirc3_2-1f5de201af94447a9063f83249260aff.jpg', NULL, 'Aurora', ST_SetSRID(ST_MakePoint(-105.428213, 39.981719),4326)::GEOGRAPHY, 477, 'male', 'female', 29, 80),
(24, 'Ralph English', 'Newspaper walk president throw sing site. Level fly will. By work care single win day source.', '1995-09-26', 'https://static.scientificamerican.com/sciam/cache/file/2AE14CDD-1265-470C-9B15F49024186C10_source.jpg?w=1200', NULL, 'Colorado Springs', ST_SetSRID(ST_MakePoint(-104.304604, 38.257340),4326)::GEOGRAPHY, 265, 'female', 'female', 23, 93),
(25, 'Steven Edwards', 'Friend staff soon must finish information often. Toward enough investment seem left popular media forward.', '1984-07-24', 'https://www.alleycat.org/wp-content/uploads/2019/03/FELV-cat.jpg', NULL, 'Loveland', ST_SetSRID(ST_MakePoint(-107.031365, 37.585816),4326)::GEOGRAPHY, 902, 'female', 'any', 30, 38),
(26, 'Tracy Thomas', 'Raise same organization possible information network. Particularly able central best loss answer avoid.', '1985-09-02', 'https://bestfriends.org/sites/default/files/styles/hero_mobile/public/hero-dash/Asana3808_Dashboard_Standard.jpg?h=ebad9ecf&itok=cWevo33k', NULL, 'Pueblo', ST_SetSRID(ST_MakePoint(-103.468749, 40.083436),4326)::GEOGRAPHY, 557, 'male', 'female', 20, 62),
(27, 'Brianna Reese', 'History gas tough tonight. Including about season small.', '1998-11-16', 'https://media.4-paws.org/a/e/6/f/ae6fefbd6d12cfc50d51ebb7da9d7cbdb322d006/VIER%20PFOTEN_2020-10-07_00138-2890x2000-1920x1329.jpg', NULL, 'Aspen', ST_SetSRID(ST_MakePoint(-107.448326, 37.568683),4326)::GEOGRAPHY, 982, 'male', 'any', 29, 50),
(28, 'Fred Jones', 'Past class authority trouble. Arrive break receive.
Fine natural many thought dream race board.', '1988-07-06', 'https://hips.hearstapps.com/hmg-prod/images/most-expensive-cat-breeds-british-shorthair-671026dc7cc33.jpg?crop=1xw:0.84375xh;center,top&resize=1200:*', NULL, 'Boulder', ST_SetSRID(ST_MakePoint(-105.407909, 38.896472),4326)::GEOGRAPHY, 403, 'female', 'male', 30, 90),
(29, 'Michelle Thompson', 'Kind training only assume almost where positive music. About phone hotel fine business picture strategy. Lay relate contain can.', '1995-06-01', 'https://www.nekocatcafe.com/asset/677c5b1eca829/Front%20Page%201.2025.jpg', NULL, 'Durango', ST_SetSRID(ST_MakePoint(-102.268385, 39.024354),4326)::GEOGRAPHY, 941, 'male', 'any', 26, 90),
(30, 'Michelle Fernandez', 'Audience those part open base. Management industry war more soldier attack.', '1996-09-20', 'https://i.natgeofe.com/n/fa48a59d-202e-4f47-9a22-6672c2b025d7/GettyImages-83454800-CROP.jpg', NULL, 'Aurora', ST_SetSRID(ST_MakePoint(-108.423734, 40.399888),4326)::GEOGRAPHY, 614, 'female', 'any', 29, 71),
(31, 'Victoria Hill', 'Onto other report present election.
Budget through sure beat enter people ball. Sometimes machine blue yes.', '1989-10-22', 'https://hips.hearstapps.com/hmg-prod/images/close-up-portrait-of-cat-sitting-on-floor-royalty-free-image-1718201739.jpg?crop=0.668xw:1.00xh;0.180xw,0&resize=980:*', NULL, 'Grand Junction', ST_SetSRID(ST_MakePoint(-105.436041, 39.901381),4326)::GEOGRAPHY, 591, 'female', 'female', 26, 58),
(32, 'James Webster', 'Note interview today allow parent indicate. Population great though a lay event. Quality together body per beautiful stand.', '2000-02-13', 'https://www.purina.in/sites/default/files/2020-12/The%20History%20of%20CatsHERO.jpg', NULL, 'Vail', ST_SetSRID(ST_MakePoint(-108.009040, 39.467504),4326)::GEOGRAPHY, 909, 'female', 'any', 28, 41),
(33, 'Deanna Thompson', 'Word recently build open stage establish. Drop over according. Its nearly ask theory charge. Thought seek magazine.', '2004-09-01', 'https://icatcare.org/img/asset/aW1hZ2VzL2N1dG91dHMvYWRvYmVzdG9ja18zMTYzODM5NjkucG5n/adobestock_316383969.png?p=default&s=86bb641e805a56548c51f3385510026b', NULL, 'Colorado Springs', ST_SetSRID(ST_MakePoint(-104.587595, 37.130982),4326)::GEOGRAPHY, 778, 'female', 'male', 18, 42),
(34, 'Austin Cox', 'Back rather tend foot especially. Assume eye store note forget forget.', '1982-08-19', 'https://hips.hearstapps.com/hmg-prod/images/most-expensive-cat-breeds-british-shorthair-671026dc7cc33.jpg?crop=1xw:0.84375xh;center,top&resize=1200:*', NULL, 'Boulder', ST_SetSRID(ST_MakePoint(-102.419814, 40.332448),4326)::GEOGRAPHY, 653, 'male', 'any', 24, 76),
(35, 'Michael Garcia', 'Nature experience avoid. As lay family. Quality gas forward quality let thousand while.
Four middle low issue cell.', '1994-10-28', 'https://www.communitycatspodcast.com/wp-content/uploads/2023/03/Cat6-800x800.jpg', NULL, 'Aurora', ST_SetSRID(ST_MakePoint(-109.008475, 37.550122),4326)::GEOGRAPHY, 919, 'male', 'male', 28, 73),
(36, 'Mrs. Chelsea Miller PhD', 'Production include second glass. Music fund north per article now.', '1987-12-14', 'https://cdn.britannica.com/39/226539-050-D21D7721/Portrait-of-a-cat-with-whiskers-visible.jpg', NULL, 'Aspen', ST_SetSRID(ST_MakePoint(-107.580778, 39.119427),4326)::GEOGRAPHY, 456, 'male', 'female', 21, 37),
(37, 'Matthew Wood', 'Catch account seek play increase participant. Source finally lead need economy side.', '2005-06-17', 'https://cdn.britannica.com/34/235834-050-C5843610/two-different-breeds-of-cats-side-by-side-outdoors-in-the-garden.jpg', NULL, 'Boulder', ST_SetSRID(ST_MakePoint(-106.985861, 39.942890),4326)::GEOGRAPHY, 154, 'male', 'male', 28, 66),
(38, 'Jeffrey Powell', 'Remember past fear good marriage. Fill consider relationship old.', '1993-03-24', 'https://cdn.royalcanin-weshare-online.io/XGkUPmYBG95Xk-RBXt1l/v1/ec5h-should-you-choose-a-kitten-or-adult-cat-hero-cat', NULL, 'Pueblo', ST_SetSRID(ST_MakePoint(-108.725833, 38.607260),4326)::GEOGRAPHY, 278, 'female', 'any', 30, 90),
(39, 'Angela Berry', 'Field force rich to. Include plant south over.', '1988-08-03', 'https://media.npr.org/assets/img/2023/12/12/gettyimages-1054147940-627235e01fb63b4644bec84204c259f0a343e35b.jpg', NULL, 'Aspen', ST_SetSRID(ST_MakePoint(-106.524385, 40.231299),4326)::GEOGRAPHY, 65, 'female', 'female', 21, 82),
(40, 'Corey Yu', 'Goal moment kid practice much. Manage bag seem listen call chance.', '1981-05-01', 'https://cms.bps.org.uk/sites/default/files/styles/responsive/public/765/534/0/2022-09/Grumpy%20cat%202.jpeg', NULL, 'Durango', ST_SetSRID(ST_MakePoint(-105.136138, 40.517321),4326)::GEOGRAPHY, 745, 'male', 'male', 26, 29),
(41, 'Randall Pratt', 'Discussion marriage second check. Father buy listen minute shoulder.', '1997-08-24', 'https://www.calgaryzoo.com/wp-content/uploads/2024/09/DSC01798-1.jpg', NULL, 'Durango', ST_SetSRID(ST_MakePoint(-105.030581, 40.359628),4326)::GEOGRAPHY, 323, 'female', 'male', 25, 50),
(42, 'Joseph Brady', 'Author above lay garden. Building glass morning. Interesting drive sign particularly carry. So save far rather thus.', '2003-12-25', 'https://www.bluecross.org.uk/sites/default/files/d8/styles/theme_feature_extra_large/public/2024-05/BX170007_Daisy-2024-04-23-0911_lpr.jpg.webp?itok=1VaZGoSw', NULL, 'Loveland', ST_SetSRID(ST_MakePoint(-105.848927, 38.018943),4326)::GEOGRAPHY, 280, 'female', 'female', 20, 34),
(43, 'Kyle Floyd', 'Throw these next my store rich kid home. Style off manage myself late. Task effort leader campaign. Someone especially another never.', '1987-05-29', 'https://static01.nyt.com/images/2025/03/05/science/oakImage-1741195558812/oakImage-1741195558812-videoSixteenByNineJumbo1600-v2.jpg', NULL, 'Aurora', ST_SetSRID(ST_MakePoint(-102.406724, 37.090340),4326)::GEOGRAPHY, 796, 'female', 'male', 22, 80),
(44, 'Stephen Stephens', 'Article culture trial offer knowledge ask. Physical window current. Economic left analysis thousand forward.', '1991-11-03', 'https://www.cats.org.uk/media/p1epv4xx/190110case060-2.jpg', NULL, 'Aurora', ST_SetSRID(ST_MakePoint(-106.184096, 38.473991),4326)::GEOGRAPHY, 458, 'male', 'male', 19, 94),
(45, 'Jonathan Caldwell', 'Tax account series teach specific eye. Without identify run work interview answer can. Health girl change.', '1981-06-04', 'https://www.ddfl.org/wp-content/uploads/2023/09/resources-cat-banner.jpg', NULL, 'Colorado Springs', ST_SetSRID(ST_MakePoint(-105.026013, 40.654806),4326)::GEOGRAPHY, 51, 'male', 'nonbinary', 25, 50),
(46, 'Melissa Green', 'Above listen grow act interview. Serve traditional like expert. Process agent radio hour image continue.', '1988-12-30', 'https://cms.bps.org.uk/sites/default/files/styles/responsive/public/765/534/0/2022-09/Grumpy%20cat%202.jpeg', NULL, 'Boulder', ST_SetSRID(ST_MakePoint(-103.795031, 37.797007),4326)::GEOGRAPHY, 576, 'female', 'male', 29, 70),
(47, 'Audrey Bennett', 'Size save measure miss. Phone line economy also. Inside him mention who.', '2004-08-30', 'https://lacvets.com/wp-content/uploads/2023/01/what-is-a-cats-lifespan-lakeland-fl-scaled.jpg', NULL, 'Aurora', ST_SetSRID(ST_MakePoint(-103.890064, 39.842169),4326)::GEOGRAPHY, 998, 'female', 'any', 21, 81),
(48, 'Jeffrey Maldonado', 'Between past as. Difficult different visit simple first. Four compare cultural remain throw and benefit.', '1988-05-02', 'https://www.purina.in/sites/default/files/2020-12/The%20History%20of%20CatsHERO.jpg', NULL, 'Grand Junction', ST_SetSRID(ST_MakePoint(-107.131948, 38.245290),4326)::GEOGRAPHY, 432, 'female', 'male', 30, 36),
(49, 'Dana Conley', 'Month face finally debate note ground. Any without table.
Rather by bag among so Mrs.', '1985-02-22', 'https://www.vets4pets.com/contentassets/eb5e17755de843c99b88a684482b92fe/your-cats-first-season.jpg', NULL, 'Aurora', ST_SetSRID(ST_MakePoint(-102.380692, 37.249757),4326)::GEOGRAPHY, 883, 'male', 'nonbinary', 28, 70),
(50, 'Kimberly Manning', 'Shoulder probably development hour personal.
Eat various best capital. Half peace herself lose. Professional building low raise customer.', '2001-05-05', 'https://www.petsandparasites.org/images/uploads/images/Person_Holding_Little_Cats_in_Arms.jpg', NULL, 'Grand Junction', ST_SetSRID(ST_MakePoint(-107.030155, 40.245803),4326)::GEOGRAPHY, 755, 'female', 'any', 26, 79),
(51, 'Nicholas Maxwell', 'Research green week. Class probably result.', '1992-09-05', 'https://d2zp5xs5cp8zlg.cloudfront.net/image-79322-800.jpg', NULL, 'Aurora', ST_SetSRID(ST_MakePoint(-108.581033, 37.638468),4326)::GEOGRAPHY, 158, 'male', 'male', 23, 69),
(52, 'Carl Cohen', 'Study spend coach. Computer visit him at. Staff drug wife least piece month Mrs.
Say dog position garden weight. Series south mouth hope.', '1992-01-25', 'https://www.whiskas.co.uk/cdn-cgi/image/format=auto,q=90/sites/g/files/fnmzdf5651/files/2025-02/why-do-cats-purr_.jpg', NULL, 'Denver', ST_SetSRID(ST_MakePoint(-102.314715, 39.670749),4326)::GEOGRAPHY, 32, 'male', 'nonbinary', 22, 35),
(53, 'Veronica Barton', 'Billion nothing look democratic. Pattern prepare our either school.
Develop three source positive government. Child one him friend.', '1983-08-23', 'https://www.paws.org/wp-content/uploads/2019/08/20171221-DSC_8211.jpg', NULL, 'Colorado Springs', ST_SetSRID(ST_MakePoint(-105.360363, 40.180941),4326)::GEOGRAPHY, 385, 'male', 'any', 30, 65),
(54, 'Jamie Brown', 'Indicate artist budget few reality. Your thing participant fine. Student movement rock paper word office order.', '1986-02-03', 'https://cdn.sanity.io/images/5vm5yn1d/pro/e8901b37029ada974f945ce569a5643b511fb4a9-1499x1000.jpg?fm=webp&q=80', NULL, 'Loveland', ST_SetSRID(ST_MakePoint(-105.984714, 37.592436),4326)::GEOGRAPHY, 418, 'male', 'female', 28, 72),
(55, 'Brent Williams', 'Own whether wife everyone society social loss. Whom clearly teacher produce agreement. Then difference leader herself wrong step capital.', '1996-11-29', 'https://s7d2.scene7.com/is/image/PetSmart/WEB-2426203-Aug24-6TUS1_EGDealsCat_DMA', NULL, 'Greeley', ST_SetSRID(ST_MakePoint(-105.732780, 37.019565),4326)::GEOGRAPHY, 728, 'male', 'male', 23, 26),
(56, 'Elizabeth Walters', 'Child all fall rather health like card. Year bit popular type lawyer last owner would. College federal figure rise.', '1980-04-02', 'https://i.guim.co.uk/img/media/c5e73ed8e8325d7e79babf8f1ebbd9adc0d95409/2_5_1754_1053/master/1754.jpg?width=1200&quality=85&auto=format&fit=max&s=4219f64fafe19d101f92e0eba0181f6a', NULL, 'Vail', ST_SetSRID(ST_MakePoint(-107.039449, 38.879492),4326)::GEOGRAPHY, 988, 'male', 'female', 24, 29),
(57, 'Jessica Owens', 'Always debate station particular. Across collection law none.
Will heavy attention measure just form own. Baby give body condition like.', '1985-05-31', 'https://upload.wikimedia.org/wikipedia/commons/thumb/a/af/Domesticated_indoor_cat_WI.jpg/960px-Domesticated_indoor_cat_WI.jpg', NULL, 'Denver', ST_SetSRID(ST_MakePoint(-106.489825, 39.953212),4326)::GEOGRAPHY, 324, 'female', 'male', 26, 45),
(58, 'Timothy Potts', 'Leader start very road go employee. Cold protect crime born it.
Religious professional health suggest. Their push minute issue.', '1986-10-01', 'https://cdn.psychologytoday.com/sites/default/files/styles/article-inline-half-caption/public/field_blog_entry_images/2021-12/img_1570.jpg?itok=4nWOikbM', NULL, 'Pueblo', ST_SetSRID(ST_MakePoint(-105.970787, 37.444677),4326)::GEOGRAPHY, 794, 'female', 'any', 24, 36),
(59, 'Chloe Owens', 'Thing almost probably avoid order realize order white.
Cut send later end. Clearly over bank view back. Near decade follow view.', '1981-12-23', 'https://www.hawkcreek.org/wp-content/uploads/2023/04/Sand-Cat-Ra-2-Tiffany-Cimino-e1680717268279.jpg', NULL, 'Colorado Springs', ST_SetSRID(ST_MakePoint(-105.557772, 40.780128),4326)::GEOGRAPHY, 809, 'female', 'any', 26, 95),
(60, 'Julie Marshall', 'Strong they stock stop shake. Their process five half.
Travel affect from quite analysis full recently. Site fact ready war.', '1997-11-04', 'https://www.purina.com.au/dw/image/v2/BKFD_PRD/on/demandware.static/-/Sites-Purina_AU-Library/default/dwc7782b36/images/Finding-a-pet/Pet-breeds/Cat-breeds/American%20Bobtail%202.png', NULL, 'Durango', ST_SetSRID(ST_MakePoint(-108.529128, 39.085725),4326)::GEOGRAPHY, 261, 'female', 'male', 25, 87),
(61, 'Matthew Carrillo', 'Executive Democrat another concern cost. Force cup we use nearly. Break stuff such audience church. Trial few cell age concern.', '1989-11-01', 'https://www.aspca.org/sites/default/files/newsidebar-ads_092024_cat-medical.png', NULL, 'Grand Junction', ST_SetSRID(ST_MakePoint(-103.567998, 40.697828),4326)::GEOGRAPHY, 370, 'male', 'male', 18, 35),
(62, 'Steven Shaw', 'Natural manager side on suffer much a. Finally chance ball list population style.', '2007-01-19', 'https://cdn.britannica.com/15/193115-050-0D385DDA/Collage-cats-cat-quiz-Mendel.jpg', NULL, 'Pueblo', ST_SetSRID(ST_MakePoint(-108.747066, 37.729102),4326)::GEOGRAPHY, 473, 'male', 'male', 20, 81),
(63, 'Sarah Simmons', 'Education film prevent pass recently. Participant across age.', '1987-04-18', 'https://www.whiskas.co.uk/cdn-cgi/image/format=auto,q=90/sites/g/files/fnmzdf5651/files/2025-02/why-do-cats-purr_.jpg', NULL, 'Fort Collins', ST_SetSRID(ST_MakePoint(-102.770828, 39.463955),4326)::GEOGRAPHY, 451, 'female', 'any', 22, 41),
(64, 'Bradley Collins', 'Table order natural similar certainly occur. Drug quite manage successful task do each.', '1989-12-05', 'https://upload.wikimedia.org/wikipedia/commons/4/4d/Cat_November_2010-1a.jpg', NULL, 'Loveland', ST_SetSRID(ST_MakePoint(-104.739854, 37.397983),4326)::GEOGRAPHY, 895, 'male', 'female', 19, 35),
(65, 'Marie Martinez', 'Write idea miss training. House Republican give easy certain. Eat seven gun magazine could blood.', '1995-08-21', 'https://www.aspca.org/sites/default/files/cat-care_general-cat-care_body1-left.jpg', NULL, 'Aurora', ST_SetSRID(ST_MakePoint(-103.623754, 40.750162),4326)::GEOGRAPHY, 573, 'male', 'male', 23, 93),
(66, 'Susan Espinoza', 'Business movement national difficult dinner reality on. Include important full.
Phone price send wait past. Painting end fine write.', '1982-10-18', 'https://snworksceo.imgix.net/ufa/01813891-c850-4172-bcce-2a701f59e063.sized-1000x1000.jpg?w=800&dpr=2&ar=16%3A9&fit=crop&crop=faces', NULL, 'Boulder', ST_SetSRID(ST_MakePoint(-105.784994, 38.476646),4326)::GEOGRAPHY, 947, 'female', 'female', 28, 42),
(67, 'Sandra Riley', 'Know make eye different entire anyone discover. Prepare yard per agent gas. Activity new address even.', '1988-04-30', 'https://hips.hearstapps.com/hmg-prod/images/close-up-portrait-of-cat-sitting-on-floor-royalty-free-image-1718201739.jpg?crop=0.668xw:1.00xh;0.180xw,0&resize=980:*', NULL, 'Fort Collins', ST_SetSRID(ST_MakePoint(-102.597619, 38.928767),4326)::GEOGRAPHY, 107, 'female', 'male', 28, 89),
(68, 'Tina Jones', 'Key in thing budget. Sea dark door traditional. Keep long own high job.', '1991-07-06', 'https://media.istockphoto.com/id/1443562748/photo/cute-ginger-cat.jpg?s=612x612&w=0&k=20&c=vvM97wWz-hMj7DLzfpYRmY2VswTqcFEKkC437hxm3Cg=', NULL, 'Vail', ST_SetSRID(ST_MakePoint(-102.174518, 37.897406),4326)::GEOGRAPHY, 839, 'female', 'male', 29, 61),
(69, 'David Morales', 'Few necessary everything current think knowledge. Plan marriage against later service whether.', '1987-05-03', 'https://s7d2.scene7.com/is/image/PetSmart/WEB-2426203-Aug24-6TUS1_EGDealsCat_DMA', NULL, 'Aurora', ST_SetSRID(ST_MakePoint(-102.277285, 38.398728),4326)::GEOGRAPHY, 879, 'female', 'male', 29, 86),
(70, 'Matthew Figueroa', 'Foreign body gas drive. Like game often those.
Raise miss notice baby. Shoulder race help trip hand talk.', '1984-12-22', 'https://hips.hearstapps.com/hmg-prod/images/close-up-portrait-of-cat-sitting-on-floor-royalty-free-image-1718201739.jpg?crop=0.668xw:1.00xh;0.180xw,0&resize=980:*', NULL, 'Pueblo', ST_SetSRID(ST_MakePoint(-108.806523, 40.413850),4326)::GEOGRAPHY, 86, 'male', 'male', 28, 46),
(71, 'Pamela Russell', 'Lay within thought radio respond same.
Issue animal myself specific where data. Trouble apply read win seven state.', '1996-04-24', 'https://cdn.royalcanin-weshare-online.io/XGkUPmYBG95Xk-RBXt1l/v1/ec5h-should-you-choose-a-kitten-or-adult-cat-hero-cat', NULL, 'Boulder', ST_SetSRID(ST_MakePoint(-102.649315, 37.760420),4326)::GEOGRAPHY, 890, 'other', 'female', 24, 87),
(72, 'James Norman', 'Operation choose foreign box. Into box sister according.
Into east board tax. Catch though fast wide federal year.', '1989-06-27', 'https://www.humaneworld.org/sites/default/files/styles/responsive_3_4_500w/public/2022-12/winter-cat-260203_0.jpg.webp?itok=Kq7v5gi3', NULL, 'Colorado Springs', ST_SetSRID(ST_MakePoint(-108.865964, 37.080587),4326)::GEOGRAPHY, 868, 'female', 'male', 20, 78),
(73, 'Kathleen Mccarthy', 'Day control similar prepare dream. List nor employee soon memory. Scientist as only else friend.
Decide safe lot investment.', '1999-12-04', 'https://d3544la1u8djza.cloudfront.net/APHI/Blog/2020/07-23/How+Much+Does+It+Cost+to+Have+a+Cat+_+ASPCA+Pet+Insurance+_+black+cat+with+yellow+eyes+peeking+out-min.jpg', NULL, 'Vail', ST_SetSRID(ST_MakePoint(-105.277127, 40.281706),4326)::GEOGRAPHY, 58, 'male', 'male', 29, 81),
(74, 'William Lopez', 'Chance have ok. Light ability camera people out collection. Ago through themselves brother glass.', '1999-05-01', 'https://www.purina.in/sites/default/files/2020-12/The%20History%20of%20CatsHERO.jpg', NULL, 'Denver', ST_SetSRID(ST_MakePoint(-108.959024, 40.697704),4326)::GEOGRAPHY, 259, 'female', 'male', 27, 86),
(75, 'James Rich', 'Speak year join partner seem after among. Just least finish tax record effect true.', '1997-08-12', 'https://cdn.royalcanin-weshare-online.io/XGkUPmYBG95Xk-RBXt1l/v1/ec5h-should-you-choose-a-kitten-or-adult-cat-hero-cat', NULL, 'Aspen', ST_SetSRID(ST_MakePoint(-103.747231, 37.525219),4326)::GEOGRAPHY, 169, 'male', 'female', 23, 61),
(76, 'Derrick Cline', 'Forward hard care exist begin generation.
Usually explain idea type.', '1995-10-17', 'https://www.purina.in/sites/default/files/2020-12/The%20History%20of%20CatsHERO.jpg', NULL, 'Boulder', ST_SetSRID(ST_MakePoint(-108.206315, 39.653775),4326)::GEOGRAPHY, 61, 'female', 'male', 25, 64),
(77, 'Michael Larson', 'Less base account us. Policy you country threat get rather.
Pretty these decision seek. Player now through provide.', '1983-12-23', 'https://upload.wikimedia.org/wikipedia/commons/thumb/a/af/Domesticated_indoor_cat_WI.jpg/960px-Domesticated_indoor_cat_WI.jpg', NULL, 'Grand Junction', ST_SetSRID(ST_MakePoint(-107.294221, 37.693358),4326)::GEOGRAPHY, 847, 'female', 'male', 20, 77),
(78, 'Jessica Kelley', 'Daughter consider send opportunity. Change expert beyond new entire. Since will personal finish team.', '2005-01-03', 'https://www.alleycat.org/wp-content/uploads/2019/03/FELV-cat.jpg', NULL, 'Aurora', ST_SetSRID(ST_MakePoint(-104.752551, 38.471561),4326)::GEOGRAPHY, 440, 'female', 'female', 26, 92),
(79, 'Lisa Kline', 'Mean student program. Ability sort example job change. Establish citizen here rather market item base.', '2006-03-20', 'https://www.alleycat.org/wp-content/uploads/2024/04/alley-our-bnr.jpg', NULL, 'Greeley', ST_SetSRID(ST_MakePoint(-104.312731, 37.398403),4326)::GEOGRAPHY, 146, 'male', 'male', 30, 53),
(80, 'Peter Brown', 'Company interview Democrat water. School experience all particular teach school whatever run. Generation fall them mention.', '1992-11-13', 'https://media.4-paws.org/a/e/6/f/ae6fefbd6d12cfc50d51ebb7da9d7cbdb322d006/VIER%20PFOTEN_2020-10-07_00138-2890x2000-1920x1329.jpg', NULL, 'Fort Collins', ST_SetSRID(ST_MakePoint(-107.457662, 37.123344),4326)::GEOGRAPHY, 979, 'female', 'female', 30, 35),
(81, 'Brett Collins', 'International top particular style. Evening base here training ten.', '1981-01-07', 'https://www.cdc.gov/healthy-pets/media/images/2024/04/Cat-on-couch.jpg', NULL, 'Loveland', ST_SetSRID(ST_MakePoint(-107.012738, 40.116373),4326)::GEOGRAPHY, 993, 'male', 'male', 29, 91),
(82, 'Stephen Young', 'Development away story amount police expert. Drive identify stand source else less peace. Model answer another city.', '2007-03-27', 'https://images.ctfassets.net/82d3r48zq721/5nu9ucFJsFxIyP3Gtn0k3R/1e9540898865229d64b2eae22a5bb286/White-kitten-wrapped-in-blankets_resized.jpg?w=800&q=50', NULL, 'Grand Junction', ST_SetSRID(ST_MakePoint(-102.811357, 38.691285),4326)::GEOGRAPHY, 370, 'male', 'male', 18, 53),
(83, 'Kristen Sawyer PhD', 'Available account option teacher. Walk majority wait one. Trouble effect return safe as respond right about.', '1995-01-08', 'https://blog.nature.org/wp-content/uploads/2022/05/29473548577_8414ac0a6e_k.jpg', NULL, 'Durango', ST_SetSRID(ST_MakePoint(-102.369585, 39.225437),4326)::GEOGRAPHY, 934, 'female', 'any', 29, 72),
(84, 'Jasmine Paul', 'Environmental evening quite case home PM. Since establish notice store. Pressure public school early. About go better anyone rate pattern.', '1993-01-04', 'https://www.paws.org/wp-content/uploads/2019/08/20171221-DSC_8211.jpg', NULL, 'Grand Junction', ST_SetSRID(ST_MakePoint(-102.744393, 38.085817),4326)::GEOGRAPHY, 175, 'male', 'female', 26, 31),
(85, 'Amy Wood', 'Pattern tough young fine. Value when office approach that.', '2004-11-26', 'https://media.4-paws.org/a/e/6/f/ae6fefbd6d12cfc50d51ebb7da9d7cbdb322d006/VIER%20PFOTEN_2020-10-07_00138-2890x2000-1920x1329.jpg', NULL, 'Boulder', ST_SetSRID(ST_MakePoint(-105.723697, 37.674744),4326)::GEOGRAPHY, 423, 'other', 'female', 19, 84),
(86, 'Savannah Clark', 'Through condition authority trial nation. Approach give score skin.', '2000-04-17', 'https://woodgreen.org.uk/nitropack_static/xoJzNJaUrazkmGClTAEjQlzsnLULSpuy/assets/images/optimized/rev-fd6ce3e/woodgreen.org.uk/wp-content/uploads/2021/12/tabby_cat_in_the_garden-1536x0-c-default.webp', NULL, 'Boulder', ST_SetSRID(ST_MakePoint(-105.469233, 38.124712),4326)::GEOGRAPHY, 760, 'female', 'any', 23, 47),
(87, 'Edward Martin', 'Hundred identify care series defense.
Suggest play government common accept maintain. Exist big environmental thousand.', '1990-01-26', 'https://static.scientificamerican.com/sciam/cache/file/32665E6F-8D90-4567-9769D59E11DB7F26_source.jpg?w=1200', NULL, 'Durango', ST_SetSRID(ST_MakePoint(-102.388278, 38.368067),4326)::GEOGRAPHY, 394, 'male', 'female', 20, 72),
(88, 'Megan Ballard', 'Hour glass unit side. Defense who weight test.', '1982-03-31', 'https://snworksceo.imgix.net/ufa/01813891-c850-4172-bcce-2a701f59e063.sized-1000x1000.jpg?w=800&dpr=2&ar=16%3A9&fit=crop&crop=faces', NULL, 'Grand Junction', ST_SetSRID(ST_MakePoint(-107.177032, 37.144040),4326)::GEOGRAPHY, 370, 'female', 'female', 29, 39),
(89, 'Raven Woods', 'Sister cause decade politics. Forward some toward force rather.', '2003-08-08', 'https://www.purina.com.au/dw/image/v2/BKFD_PRD/on/demandware.static/-/Sites-Purina_AU-Library/default/dwc7782b36/images/Finding-a-pet/Pet-breeds/Cat-breeds/American%20Bobtail%202.png', NULL, 'Denver', ST_SetSRID(ST_MakePoint(-105.904000, 37.017802),4326)::GEOGRAPHY, 970, 'female', 'female', 18, 56),
(90, 'Vincent Meyer', 'Its side get bank pass.', '2006-01-15', 'https://d2zp5xs5cp8zlg.cloudfront.net/image-79322-800.jpg', NULL, 'Fort Collins', ST_SetSRID(ST_MakePoint(-108.156853, 38.596682),4326)::GEOGRAPHY, 694, 'female', 'male', 23, 70),
(91, 'Nathaniel Rhodes', 'Impact have institution set task green treatment. Quickly hair hope far significant. Raise character what option memory success job.', '1980-08-27', 'https://i.ytimg.com/vi/paWE-GvDO1c/maxresdefault.jpg', NULL, 'Aspen', ST_SetSRID(ST_MakePoint(-106.484583, 40.960052),4326)::GEOGRAPHY, 23, 'female', 'female', 23, 61),
(92, 'Mitchell Mcintyre', 'Step whom author however cover. Base able whole key.', '1992-06-03', 'https://cdn.sanity.io/images/5vm5yn1d/pro/e8901b37029ada974f945ce569a5643b511fb4a9-1499x1000.jpg?fm=webp&q=80', NULL, 'Boulder', ST_SetSRID(ST_MakePoint(-107.675785, 38.122133),4326)::GEOGRAPHY, 851, 'female', 'nonbinary', 20, 57),
(93, 'Kimberly Anderson', 'Term season rock those character rest. Cultural which win performance establish. Change year girl fire cost dream remain.', '1991-02-23', 'https://d3544la1u8djza.cloudfront.net/APHI/Blog/2020/07-23/How+Much+Does+It+Cost+to+Have+a+Cat+_+ASPCA+Pet+Insurance+_+black+cat+with+yellow+eyes+peeking+out-min.jpg', NULL, 'Durango', ST_SetSRID(ST_MakePoint(-103.404318, 40.730312),4326)::GEOGRAPHY, 396, 'male', 'female', 20, 99),
(94, 'Lisa Ray', 'Show toward part world exactly any.
Item school catch area process. Hair sit blue fast behind administration country.', '2003-11-15', 'https://d2zp5xs5cp8zlg.cloudfront.net/image-79322-800.jpg', NULL, 'Loveland', ST_SetSRID(ST_MakePoint(-103.879397, 38.561560),4326)::GEOGRAPHY, 284, 'male', 'male', 25, 97),
(95, 'Robert Clark', 'Cut no voice writer need rate form center. Maybe contain policy also which program Congress green.', '1982-12-17', 'https://www.wnct.com/wp-content/uploads/sites/99/2022/07/Cat.jpg?w=2560&h=1440&crop=1', NULL, 'Boulder', ST_SetSRID(ST_MakePoint(-104.964651, 40.966458),4326)::GEOGRAPHY, 431, 'male', 'nonbinary', 24, 94),
(96, 'Jason Robbins', 'Image visit room us letter daughter community. Everyone hope cause who successful.', '1999-03-27', 'https://upload.wikimedia.org/wikipedia/commons/thumb/a/af/Domesticated_indoor_cat_WI.jpg/960px-Domesticated_indoor_cat_WI.jpg', NULL, 'Boulder', ST_SetSRID(ST_MakePoint(-104.206956, 38.207255),4326)::GEOGRAPHY, 907, 'male', 'male', 30, 41),
(97, 'Joshua Gilbert', 'Pm world person view member home majority. Someone mouth music final eat practice.', '2005-11-26', 'https://cdn.psychologytoday.com/sites/default/files/styles/article-inline-half-caption/public/field_blog_entry_images/2021-12/img_1570.jpg?itok=4nWOikbM', NULL, 'Boulder', ST_SetSRID(ST_MakePoint(-105.301734, 40.346600),4326)::GEOGRAPHY, 594, 'female', 'any', 29, 94),
(98, 'Ronald Howard', 'Ready ask tough. Individual report break mention. At cover focus.
Western body ask father. Draw general picture vote rather record protect.', '1989-05-03', 'https://www.bluecross.org.uk/sites/default/files/d8/styles/theme_feature_extra_large/public/2023-01/BX150956_HY_BC_EDDIE_058.JPG.webp?itok=JK6O0CLW', NULL, 'Fort Collins', ST_SetSRID(ST_MakePoint(-103.087969, 37.216770),4326)::GEOGRAPHY, 309, 'male', 'male', 25, 81),
(99, 'Antonio Camacho', 'Perhaps American feeling organization middle end. Cause executive direction total out skill form. Certainly item them.', '1984-03-05', 'https://media.4-paws.org/a/e/6/f/ae6fefbd6d12cfc50d51ebb7da9d7cbdb322d006/VIER%20PFOTEN_2020-10-07_00138-2890x2000-1920x1329.jpg', NULL, 'Denver', ST_SetSRID(ST_MakePoint(-105.426547, 38.692642),4326)::GEOGRAPHY, 871, 'male', 'female', 30, 44),
(100, 'Jill Austin', 'Really responsibility matter into accept wonder new person. Recent sign indeed life ever stuff.', '1999-08-20', 'https://www.vets4pets.com/contentassets/eb5e17755de843c99b88a684482b92fe/your-cats-first-season.jpg', NULL, 'Grand Junction', ST_SetSRID(ST_MakePoint(-107.108074, 40.883028),4326)::GEOGRAPHY, 185, 'male', 'female', 30, 54);

-- === USER_INTERESTS ===
INSERT INTO user_interests (user_id, interest_id) VALUES
(1, 25),
(1, 34),
(1, 43),
(1, 10),
(1, 2),
(1, 31),
(1, 26),
(1, 15),
(2, 28),
(2, 30),
(2, 41),
(2, 25),
(2, 11),
(2, 33),
(2, 9),
(2, 32),
(3, 10),
(3, 30),
(3, 38),
(3, 20),
(3, 31),
(3, 29),
(3, 39),
(3, 16),
(4, 48),
(4, 17),
(4, 28),
(4, 27),
(4, 12),
(4, 31),
(4, 6),
(4, 9),
(5, 28),
(5, 1),
(5, 11),
(5, 2),
(5, 51),
(5, 53),
(5, 46),
(5, 32),
(6, 21),
(6, 1),
(6, 40),
(6, 2),
(6, 20),
(6, 24),
(6, 41),
(6, 53),
(7, 36),
(7, 35),
(7, 10),
(7, 4),
(7, 3),
(7, 19),
(7, 44),
(7, 15),
(8, 24),
(8, 49),
(8, 31),
(8, 33),
(8, 9),
(8, 32),
(8, 41),
(8, 27),
(9, 7),
(9, 42),
(9, 23),
(9, 4),
(9, 30),
(9, 46),
(9, 29),
(9, 9),
(10, 39),
(10, 9),
(10, 11),
(10, 51),
(10, 20),
(10, 34),
(10, 49),
(10, 47),
(11, 5),
(11, 16),
(11, 49),
(11, 31),
(11, 8),
(11, 7),
(11, 48),
(11, 34),
(12, 29),
(12, 52),
(12, 30),
(12, 9),
(12, 3),
(12, 25),
(12, 44),
(12, 39),
(13, 42),
(13, 15),
(13, 52),
(13, 37),
(13, 49),
(13, 12),
(13, 46),
(13, 28),
(14, 29),
(14, 20),
(14, 30),
(14, 50),
(14, 15),
(14, 10),
(14, 3),
(14, 1),
(15, 14),
(15, 25),
(15, 40),
(15, 48),
(15, 11),
(15, 1),
(15, 13),
(15, 49),
(16, 30),
(16, 37),
(16, 2),
(16, 10),
(16, 48),
(16, 32),
(16, 12),
(16, 25),
(17, 25),
(17, 5),
(17, 39),
(17, 33),
(17, 2),
(17, 29),
(17, 53),
(17, 22),
(18, 39),
(18, 40),
(18, 42),
(18, 13),
(18, 5),
(18, 47),
(18, 23),
(18, 32),
(19, 8),
(19, 31),
(19, 12),
(19, 40),
(19, 52),
(19, 51),
(19, 47),
(19, 16),
(20, 14),
(20, 46),
(20, 6),
(20, 29),
(20, 27),
(20, 33),
(20, 8),
(20, 37),
(21, 4),
(21, 30),
(21, 31),
(21, 48),
(21, 1),
(21, 44),
(21, 32),
(21, 12),
(22, 35),
(22, 11),
(22, 24),
(22, 15),
(22, 19),
(22, 3),
(22, 28),
(22, 8),
(23, 26),
(23, 30),
(23, 10),
(23, 41),
(23, 47),
(23, 23),
(23, 48),
(23, 17),
(24, 30),
(24, 17),
(24, 11),
(24, 53),
(24, 43),
(24, 13),
(24, 8),
(24, 28),
(25, 25),
(25, 18),
(25, 51),
(25, 41),
(25, 9),
(25, 46),
(25, 4),
(25, 43),
(26, 24),
(26, 31),
(26, 38),
(26, 9),
(26, 29),
(26, 44),
(26, 20),
(26, 34),
(27, 12),
(27, 28),
(27, 47),
(27, 7),
(27, 9),
(27, 51),
(27, 32),
(27, 40),
(28, 45),
(28, 14),
(28, 50),
(28, 21),
(28, 46),
(28, 19),
(28, 38),
(28, 6),
(29, 16),
(29, 13),
(29, 30),
(29, 46),
(29, 1),
(29, 39),
(29, 8),
(29, 3),
(30, 3),
(30, 43),
(30, 42),
(30, 5),
(30, 52),
(30, 38),
(30, 6),
(30, 45),
(31, 37),
(31, 39),
(31, 3),
(31, 27),
(31, 28),
(31, 6),
(31, 13),
(31, 29),
(32, 53),
(32, 17),
(32, 6),
(32, 52),
(32, 11),
(32, 39),
(32, 51),
(32, 46),
(33, 32),
(33, 5),
(33, 42),
(33, 4),
(33, 36),
(33, 50),
(33, 14),
(33, 41),
(34, 21),
(34, 52),
(34, 26),
(34, 20),
(34, 7),
(34, 24),
(34, 29),
(34, 15),
(35, 39),
(35, 38),
(35, 44),
(35, 49),
(35, 37),
(35, 31),
(35, 33),
(35, 20),
(36, 48),
(36, 16),
(36, 35),
(36, 39),
(36, 2),
(36, 32),
(36, 26),
(36, 36),
(37, 18),
(37, 35),
(37, 33),
(37, 45),
(37, 30),
(37, 49),
(37, 11),
(37, 6),
(38, 16),
(38, 26),
(38, 52),
(38, 39),
(38, 49),
(38, 8),
(38, 15),
(38, 43),
(39, 21),
(39, 39),
(39, 24),
(39, 18),
(39, 43),
(39, 19),
(39, 37),
(39, 26),
(40, 2),
(40, 22),
(40, 8),
(40, 44),
(40, 30),
(40, 3),
(40, 12),
(40, 52),
(41, 10),
(41, 45),
(41, 9),
(41, 15),
(41, 19),
(41, 42),
(41, 52),
(41, 21),
(42, 3),
(42, 34),
(42, 7),
(42, 10),
(42, 13),
(42, 51),
(42, 24),
(42, 11),
(43, 10),
(43, 45),
(43, 33),
(43, 8),
(43, 49),
(43, 32),
(43, 51),
(43, 17),
(44, 24),
(44, 21),
(44, 45),
(44, 40),
(44, 6),
(44, 39),
(44, 15),
(44, 10),
(45, 31),
(45, 20),
(45, 22),
(45, 12),
(45, 43),
(45, 2),
(45, 32),
(45, 40),
(46, 53),
(46, 19),
(46, 52),
(46, 34),
(46, 14),
(46, 4),
(46, 12),
(46, 41),
(47, 12),
(47, 24),
(47, 16),
(47, 21),
(47, 41),
(47, 13),
(47, 4),
(47, 36),
(48, 31),
(48, 15),
(48, 8),
(48, 25),
(48, 3),
(48, 12),
(48, 5),
(48, 49),
(49, 11),
(49, 35),
(49, 14),
(49, 33),
(49, 20),
(49, 31),
(49, 10),
(49, 23),
(50, 2),
(50, 52),
(50, 12),
(50, 15),
(50, 36),
(50, 51),
(50, 6),
(50, 3),
(51, 5),
(51, 34),
(51, 7),
(51, 31),
(51, 36),
(51, 37),
(51, 13),
(51, 43),
(52, 36),
(52, 27),
(52, 9),
(52, 20),
(52, 16),
(52, 7),
(52, 42),
(52, 51),
(53, 7),
(53, 39),
(53, 16),
(53, 45),
(53, 11),
(53, 49),
(53, 19),
(53, 18),
(54, 27),
(54, 11),
(54, 33),
(54, 23),
(54, 10),
(54, 45),
(54, 29),
(54, 36),
(55, 16),
(55, 32),
(55, 50),
(55, 47),
(55, 38),
(55, 48),
(55, 8),
(55, 35),
(56, 26),
(56, 1),
(56, 9),
(56, 53),
(56, 20),
(56, 40),
(56, 10),
(56, 13),
(57, 6),
(57, 35),
(57, 31),
(57, 32),
(57, 42),
(57, 1),
(57, 22),
(57, 43),
(58, 46),
(58, 29),
(58, 36),
(58, 19),
(58, 7),
(58, 25),
(58, 9),
(58, 4),
(59, 15),
(59, 37),
(59, 26),
(59, 13),
(59, 10),
(59, 50),
(59, 44),
(59, 38),
(60, 28),
(60, 35),
(60, 46),
(60, 40),
(60, 45),
(60, 11),
(60, 29),
(60, 47),
(61, 48),
(61, 39),
(61, 6),
(61, 23),
(61, 37),
(61, 51),
(61, 29),
(61, 13),
(62, 32),
(62, 12),
(62, 41),
(62, 9),
(62, 19),
(62, 43),
(62, 25),
(62, 28),
(63, 44),
(63, 16),
(63, 49),
(63, 4),
(63, 23),
(63, 28),
(63, 41),
(63, 19),
(64, 20),
(64, 17),
(64, 50),
(64, 53),
(64, 33),
(64, 43),
(64, 48),
(64, 40),
(65, 51),
(65, 45),
(65, 11),
(65, 1),
(65, 39),
(65, 2),
(65, 50),
(65, 22),
(66, 2),
(66, 50),
(66, 24),
(66, 47),
(66, 32),
(66, 48),
(66, 39),
(66, 29),
(67, 32),
(67, 1),
(67, 4),
(67, 30),
(67, 47),
(67, 8),
(67, 23),
(67, 40),
(68, 28),
(68, 29),
(68, 18),
(68, 3),
(68, 25),
(68, 13),
(68, 41),
(68, 49),
(69, 10),
(69, 29),
(69, 44),
(69, 37),
(69, 52),
(69, 49),
(69, 43),
(69, 13),
(70, 31),
(70, 53),
(70, 52),
(70, 42),
(70, 21),
(70, 41),
(70, 24),
(70, 32),
(71, 4),
(71, 20),
(71, 12),
(71, 9),
(71, 6),
(71, 34),
(71, 52),
(71, 26),
(72, 19),
(72, 47),
(72, 22),
(72, 7),
(72, 38),
(72, 10),
(72, 36),
(72, 18),
(73, 10),
(73, 45),
(73, 37),
(73, 51),
(73, 16),
(73, 22),
(73, 44),
(73, 32),
(74, 15),
(74, 44),
(74, 16),
(74, 46),
(74, 27),
(74, 19),
(74, 23),
(74, 5),
(75, 31),
(75, 50),
(75, 19),
(75, 32),
(75, 47),
(75, 20),
(75, 26),
(75, 4),
(76, 24),
(76, 18),
(76, 9),
(76, 50),
(76, 4),
(76, 29),
(76, 35),
(76, 44),
(77, 51),
(77, 7),
(77, 26),
(77, 44),
(77, 27),
(77, 31),
(77, 11),
(77, 42),
(78, 6),
(78, 8),
(78, 27),
(78, 43),
(78, 53),
(78, 32),
(78, 26),
(78, 50),
(79, 34),
(79, 47),
(79, 15),
(79, 26),
(79, 6),
(79, 46),
(79, 30),
(79, 23),
(80, 42),
(80, 16),
(80, 1),
(80, 10),
(80, 4),
(80, 25),
(80, 52),
(80, 15),
(81, 49),
(81, 28),
(81, 24),
(81, 29),
(81, 32),
(81, 9),
(81, 13),
(81, 7),
(82, 47),
(82, 38),
(82, 6),
(82, 13),
(82, 32),
(82, 49),
(82, 15),
(82, 7),
(83, 17),
(83, 11),
(83, 19),
(83, 25),
(83, 35),
(83, 47),
(83, 40),
(83, 39),
(84, 17),
(84, 25),
(84, 31),
(84, 7),
(84, 29),
(84, 14),
(84, 43),
(84, 6),
(85, 23),
(85, 19),
(85, 49),
(85, 24),
(85, 32),
(85, 10),
(85, 26),
(85, 16),
(86, 37),
(86, 26),
(86, 47),
(86, 30),
(86, 9),
(86, 20),
(86, 38),
(86, 7),
(87, 37),
(87, 17),
(87, 46),
(87, 26),
(87, 48),
(87, 41),
(87, 7),
(87, 6),
(88, 22),
(88, 2),
(88, 3),
(88, 48),
(88, 13),
(88, 29),
(88, 34),
(88, 31),
(89, 42),
(89, 38),
(89, 23),
(89, 13),
(89, 21),
(89, 1),
(89, 19),
(89, 6),
(90, 16),
(90, 37),
(90, 50),
(90, 19),
(90, 17),
(90, 48),
(90, 40),
(90, 43),
(91, 44),
(91, 15),
(91, 49),
(91, 17),
(91, 36),
(91, 42),
(91, 46),
(91, 30),
(92, 25),
(92, 44),
(92, 6),
(92, 12),
(92, 45),
(92, 31),
(92, 22),
(92, 42),
(93, 13),
(93, 21),
(93, 14),
(93, 47),
(93, 18),
(93, 42),
(93, 34),
(93, 8),
(94, 39),
(94, 35),
(94, 52),
(94, 40),
(94, 15),
(94, 49),
(94, 24),
(94, 45),
(95, 38),
(95, 47),
(95, 2),
(95, 27),
(95, 50),
(95, 49),
(95, 22),
(95, 3),
(96, 19),
(96, 44),
(96, 18),
(96, 41),
(96, 24),
(96, 43),
(96, 53),
(96, 15),
(97, 40),
(97, 11),
(97, 39),
(97, 17),
(97, 45),
(97, 21),
(97, 30),
(97, 42),
(98, 17),
(98, 33),
(98, 8),
(98, 18),
(98, 13),
(98, 12),
(98, 10),
(98, 48),
(99, 9),
(99, 40),
(99, 20),
(99, 49),
(99, 37),
(99, 41),
(99, 12),
(99, 52),
(100, 47),
(100, 27),
(100, 9),
(100, 12),
(100, 2),
(100, 33),
(100, 53),
(100, 37);

-- === PHOTOS ===
INSERT INTO photos (id, url, description, uploaded_at) VALUES
(1, 'https://thumbs.dreamstime.com/b/year-old-boy-studying-pottery-clay-modeling-master-class-carpathians-ukraine-year-old-boy-studying-pottery-clay-modeling-216737745.jpg', 'Bowls, mugs, and a few laughs.', '2025-04-20 06:01:56'),
(2, 'https://img.pikbest.com/origin/05/89/62/07hpIkbEsTIZf.jpg!f305cw', 'Every move is a mood.', '2025-04-20 13:06:05'),
(3, 'https://media.istockphoto.com/id/521912231/photo/dancing-class.jpg?s=612x612&w=0&k=20&c=4qPtUdiSyzqbVsEC_PYUi5FlZ2GZ9VaCw01-fWZL8nE=', 'Breaking a sweat, catching a beat.', '2025-04-20 07:27:42'),
(4, 'https://us.123rf.com/450wm/jackf/jackf2503/jackf250306418/243416121-girl-learn-to-dance-hip-hop-dances-doing-movement-with-unrecognizable-teacher.jpg?ver=6', 'Learning new steps and loving it.', '2025-04-20 23:07:36'),
(5, 'https://images.pexels.com/photos/868097/pexels-photo-868097.jpeg?cs=srgb&dl=pexels-ozgomz-868097.jpg&fm=jpg', 'Every step is an adventure.', '2025-04-20 12:40:26'),
(6, 'https://previews.123rf.com/images/ftlaudgirl/ftlaudgirl1308/ftlaudgirl130800074/21383615-pretty-young-girl-swimming-to-bottom-of-pool.jpg', 'Underwater thoughts.', '2025-04-20 11:19:03'),
(7, 'https://www.stockvault.net/data/2016/08/18/207762/preview16.jpg', 'Every step is an adventure.', '2025-04-20 04:18:56'),
(8, 'https://image.shutterstock.com/image-photo/dumbbell-training-mature-man-swimming-260nw-2499118725.jpg', 'Underwater thoughts.', '2025-04-20 11:25:20'),
(9, 'https://images.pexels.com/photos/3965526/pexels-photo-3965526.jpeg?auto=compress&cs=tinysrgb&w=1260&h=750&dpr=1', 'From lump to lovely.', '2025-04-20 09:38:35'),
(10, 'https://www.shutterstock.com/image-photo/pottery-lesson-master-class-kids-600nw-2443277333.jpg', 'Forming art one spin at a time.', '2025-04-20 19:07:50'),
(11, 'https://media.gettyimages.com/id/1293895976/photo/attention-to-detail-makes-all-the-difference.jpg?s=612x612&w=gi&k=20&c=jsuN_alLPRW85rr3Ce1tOD8EOLhEK35TY2_DBwLhaKM=', 'Centering more than just clay today.', '2025-04-20 01:35:51'),
(12, 'https://t3.ftcdn.net/jpg/02/96/46/88/360_F_296468884_UczFBUvubhtA7zx73epphJ8vCgtkYx9s.jpg', 'Found peace at the summit.', '2025-04-20 22:33:51'),
(13, 'https://burst.shopifycdn.com/photos/nature-photographer-in-california-mountains.jpg?width=1000&format=pjpg&exif=0&iptc=0', 'Trail time is the best time.', '2025-04-20 07:10:24'),
(14, 'https://burst.shopifycdn.com/photos/nature-photographer-in-california-mountains.jpg?width=1000&format=pjpg&exif=0&iptc=0', 'One trail at a time.', '2025-04-20 16:28:07'),
(15, 'https://media.istockphoto.com/id/1303216086/photo/young-couple-of-hikers-bound-up-ridge-together.jpg?s=612x612&w=0&k=20&c=-Q_DMng9mzoQT8MrfX6CrvTqGvxjIiVz2DR1SKrkjd4=', 'Wander often, wonder always.', '2025-04-20 15:44:05'),
(16, 'https://st3.depositphotos.com/1022135/32080/i/450/depositphotos_320800374-stock-photo-senior-woman-spinning-clay-wheel.jpg', 'Forming art one spin at a time.', '2025-04-20 01:40:07'),
(17, 'https://media.gettyimages.com/id/1412636572/photo/two-young-women-friends-enjoying-hand-clay-molding-on-pottery-wheel-workshop.jpg?s=612x612&w=gi&k=20&c=J8s1Gb8HpxdvY1pJMZ-zukmre9frsyQljEkdNwBB-QM=', 'Centering more than just clay today.', '2025-04-20 11:11:18'),
(18, 'https://media.istockphoto.com/id/1402900288/photo/retired-pensioner-painting-for-therapy.jpg?s=612x612&w=0&k=20&c=6LKaKHOOkvBqVqpnB7S21KDhnL02btl2REIXqyF4ruI=', 'Every brushstroke tells a story.', '2025-04-20 19:15:47'),
(19, 'https://c8.alamy.com/comp/ERBD68/older-woman-is-hiking-in-nature-ERBD68.jpg', 'Rocky paths and rewarding views.', '2025-04-20 21:15:14'),
(20, 'https://images.pexels.com/photos/711187/pexels-photo-711187.jpeg?cs=srgb&dl=pexels-heart-rules-1656004-711187.jpg&fm=jpg', 'Pool days are the best days.', '2025-04-20 17:45:09'),
(21, 'https://media.gettyimages.com/id/1412636572/photo/two-young-women-friends-enjoying-hand-clay-molding-on-pottery-wheel-workshop.jpg?s=612x612&w=gi&k=20&c=J8s1Gb8HpxdvY1pJMZ-zukmre9frsyQljEkdNwBB-QM=', 'Pottery night success!', '2025-04-20 12:50:17'),
(22, 'https://t4.ftcdn.net/jpg/03/40/51/65/360_F_340516560_gKJSjmXXjDHu28s4JUkIGxRi3u9FhTjD.jpg', 'Every move is a mood.', '2025-04-20 04:45:03'),
(23, 'https://www.stockvault.net/data/2016/02/23/184786/preview16.jpg', 'Trail time is the best time.', '2025-04-20 02:51:19'),
(24, 'https://cdn6.dissolve.com/p/D985_58_194/D985_58_194_1200.jpg', 'Canvas therapy session.', '2025-04-20 09:12:47'),
(25, 'https://thumbs.dreamstime.com/b/hiking-young-woman-sunny-day-high-mountains-33933566.jpg', 'Hike more, worry less.', '2025-04-20 15:32:55'),
(26, 'https://media.gettyimages.com/id/1094970614/photo/two-people-creating-pottery.jpg?s=612x612&w=gi&k=20&c=h_lsjGQJgf7qgoQD9Pkmmv5CjCqThgNP99i6mkVGTlY=', 'Clay in motion, ideas in flow.', '2025-04-20 15:39:13'),
(27, 'https://media.gettyimages.com/id/947537080/photo/children-practicing-musical-theater-in-studio.jpg?s=612x612&w=gi&k=20&c=Ob2l3N0P1o8bgnYEwbztXr81u_kLu5NNrAOSKR1YOyE=', 'Dancing through life one class at a time.', '2025-04-20 02:02:14'),
(28, 'https://static8.depositphotos.com/1437210/901/i/450/depositphotos_9015455-stock-photo-diving.jpg', 'Making waves and memories.', '2025-04-20 02:29:26'),
(29, 'https://static2.bigstockphoto.com/3/3/1/large1500/1337877.jpg', 'Caught in the moment of creativity.', '2025-04-20 23:26:16'),
(30, 'https://cdn.pixabay.com/photo/2015/08/28/11/37/painting-911804_1280.jpg', 'Caught in the moment of creativity.', '2025-04-20 17:37:27'),
(31, 'https://t3.ftcdn.net/jpg/00/02/65/84/360_F_2658458_Y2qoPVbiJuVciAvN74tVFLaprFldXC.jpg', 'Swim, splash, smile.', '2025-04-20 20:07:39'),
(32, 'https://st2.depositphotos.com/1022715/8016/i/950/depositphotos_80169026-stock-photo-girls-at-ballet-dancing-class.jpg', 'Finding rhythm in every step.', '2025-04-20 12:09:05'),
(33, 'https://images.pexels.com/photos/1415810/pexels-photo-1415810.jpeg?auto=compress&cs=tinysrgb&dpr=1&w=500', 'Swim, splash, smile.', '2025-04-20 22:45:06'),
(34, 'https://c8.alamy.com/comp/EA09K5/female-artist-painting-at-easel-EA09K5.jpg', 'Abstract expressions all day.', '2025-04-20 22:38:43'),
(35, 'https://media.istockphoto.com/id/967041640/photo/children-dancing-contemp-in-studio-smiling-and-having-fun.jpg?s=612x612&w=0&k=20&c=J5EcohD-XrTcOGKN_7B7rEhO12_dp0TSbOYof89DxNw=', 'Twist, turn, and groove.', '2025-04-20 19:39:34'),
(36, 'https://media.gettyimages.com/id/1412636572/photo/two-young-women-friends-enjoying-hand-clay-molding-on-pottery-wheel-workshop.jpg?s=612x612&w=gi&k=20&c=J8s1Gb8HpxdvY1pJMZ-zukmre9frsyQljEkdNwBB-QM=', 'Pottery: where patience meets creativity.', '2025-04-20 15:55:41'),
(37, 'https://cdn6.dissolve.com/p/D985_64_530/D985_64_530_1200.jpg', 'When in doubt, dance it out.', '2025-04-20 11:28:24'),
(38, 'https://static9.depositphotos.com/1594308/1163/i/450/depositphotos_11635045-stock-photo-family-on-matress.jpg', 'Making waves and memories.', '2025-04-20 11:06:53'),
(39, 'https://www.shutterstock.com/image-photo/pottery-lesson-master-class-kids-600nw-2443277333.jpg', 'Forming art one spin at a time.', '2025-04-20 13:50:34'),
(40, 'https://media.istockphoto.com/id/1203626601/photo/artist-painting.jpg?s=612x612&w=0&k=20&c=-kseQCVRlF2JqJNb5zmATfsrGUjQ24dyinpb96YB7zE=', 'Every brushstroke tells a story.', '2025-04-20 08:37:06'),
(41, 'https://media.istockphoto.com/id/1081891908/photo/little-boy-swimming-crawl-in-pool.jpg?s=612x612&w=0&k=20&c=_3GmzSiIMtqgcPWi2zsz58nBhUQEiEuJSZN61voNeVo=', 'Underwater thoughts.', '2025-04-20 16:46:34'),
(42, 'https://media.gettyimages.com/id/1369654070/photo/young-couple-backpack-up-a-mountain-summit.jpg?s=612x612&w=gi&k=20&c=CkYYtk4qXsnqZ-b4hVk7ZIhxbu3Z9K7n6saxga0W99M=', 'Peak moments and fresh air.', '2025-04-20 10:01:12'),
(43, 'https://thumbs.dreamstime.com/b/senior-man-swimming-blue-ocean-health-activity-concept-senior-man-swimming-blue-ocean-health-activity-126005005.jpg', 'Swim time = me time.', '2025-04-20 14:09:15'),
(44, 'https://www.shutterstock.com/image-photo/two-tourists-walks-small-backpacks-600nw-2482553147.jpg', 'Every step is an adventure.', '2025-04-20 13:47:28'),
(45, 'https://images.pexels.com/photos/8036838/pexels-photo-8036838.jpeg?auto=compress&cs=tinysrgb&w=1260&h=750&dpr=1', 'Brushing up on my art skills ', '2025-04-20 04:08:20'),
(46, 'https://media.istockphoto.com/id/636761588/photo/used-brushes-on-an-artists-palette-of-colorful-oil-paint.jpg?s=612x612&w=0&k=20&c=38YQxVJVWnNfvGtlb7AXMx_ItyHZMEdmWenNkWNQ91g=', 'Every brushstroke tells a story.', '2025-04-20 17:54:00'),
(47, 'https://thumbs.dreamstime.com/b/kids-dancing-class-traninng-scarfs-children-modern-group-choreography-45177643.jpg', 'Every move is a mood.', '2025-04-20 10:04:36'),
(48, 'https://c8.alamy.com/comp/HNWFRN/mature-couple-with-teacher-in-pottery-class-HNWFRN.jpg', 'Centering more than just clay today.', '2025-04-20 05:33:13'),
(49, 'https://images.pexels.com/photos/12165832/pexels-photo-12165832.jpeg?auto=compress&cs=tinysrgb&w=1260&h=750&dpr=1', 'From lump to lovely.', '2025-04-20 23:27:20'),
(50, 'https://images.stockcake.com/public/b/b/4/bb4f4881-8e82-4a0b-815c-ee9ec1f1f424_large/kids-creating-pottery-stockcake.jpg', 'Hands dirty, heart happy.', '2025-04-20 00:34:36'),
(51, 'https://img3.stockfresh.com/files/i/iofoto/m/62/32262_stock-photo-happy-woman-painting.jpg', 'Every brushstroke tells a story.', '2025-04-20 02:55:29'),
(52, 'https://images.pexels.com/photos/1227571/pexels-photo-1227571.jpeg?cs=srgb&dl=pexels-freestockpro-1227571.jpg&fm=jpg', 'Freestyle kind of day.', '2025-04-20 00:45:33'),
(53, 'https://t4.ftcdn.net/jpg/04/48/77/29/360_F_448772999_4KvKOwVaIEAtBPWdsDT39xX7Zyk0kTld.jpg', 'Caught in the moment of creativity.', '2025-04-20 08:37:50'),
(54, 'https://t4.ftcdn.net/jpg/00/62/65/29/360_F_62652907_dZgAPIdcVKu8DPCeUPvLRCb9JdHrnpVG.jpg', 'Paint, sip, and relax.', '2025-04-20 23:01:59'),
(55, 'https://cms-artifacts.artlist.io/content/motion-array/404953/Little_Girl_In_Swimming_Pool_high_resolution_preview_404953.jpg?Expires=2036676835684&Key-Pair-Id=K2ZDLYDZI2R1DF&Signature=uKRDRTe8N9ZWVJWmaHYzECUzC1durXORiF7clZmsQ-BiTeHJhpWdoA~iqDQfP19xmUqvE02VROXkS8X0z9gnWLWzN6HS2uya8wzVQ0uL8u1Kgqvl1JlNN9wg8WI1ezrg8nbioea2tVRyhi6yQE8SYleYQQnp6U48~X3KdeHDEMloB7B9XTvjz1Am9fIAPEnifU3jafqfit1QrqjzCo~qcVJlS4JnbdBZhAokJJwyQwpnhIasIeSRXnds5b0URgoyhTA0URKOxSZ8-jeQpxmxpXHDs5Z1s9cHCR1a~bLdFK8p0wGMhPphmF95yWvmC8xNJ2P4rfFnVvwZw6bYHYrWSQ__', 'Swim, splash, smile.', '2025-04-20 14:47:00'),
(56, 'https://media.gettyimages.com/id/1689168106/photo/rear-view-of-a-woman-dancing-at-dance-studio.jpg?s=612x612&w=gi&k=20&c=oAiAk9izIQkSfEy4D1kGuy-O1jtH87oIn684918ZAVc=', 'When in doubt, dance it out.', '2025-04-20 00:54:44'),
(57, 'https://c8.alamy.com/comp/2HB14WD/cool-male-dancer-doing-ballet-tip-toe-turn-during-break-dance-practice-in-studio-2HB14WD.jpg', 'Finding rhythm in every step.', '2025-04-20 06:11:09'),
(58, 'https://www.shutterstock.com/shutterstock/photos/1909533559/display_1500/stock-photo-group-of-four-hikers-with-backpacks-walks-in-mountains-at-sunset-1909533559.jpg', 'Hike more, worry less.', '2025-04-20 10:53:45'),
(59, 'https://images.pexels.com/photos/7031624/pexels-photo-7031624.jpeg?auto=compress&cs=tinysrgb&dpr=1&w=341.25&fit=crop&h=552.5', 'Brushing up on my art skills ', '2025-04-20 07:10:01'),
(60, 'https://images.pexels.com/photos/1271619/pexels-photo-1271619.jpeg?cs=srgb&dl=pexels-andreimike-1271619.jpg&fm=jpg', 'Hike more, worry less.', '2025-04-20 20:01:35'),
(61, 'https://thumbs.dreamstime.com/b/senior-man-swimming-blue-ocean-health-activity-concept-senior-man-swimming-blue-ocean-health-activity-126005005.jpg', 'Floating my worries away.', '2025-04-20 08:56:22'),
(62, 'https://images.unsplash.com/photo-1470376619031-a6791e534bf0?fm=jpg&q=60&w=3000&ixlib=rb-4.0.3&ixid=M3wxMjA3fDB8MHxzZWFyY2h8N3x8c3dpbW1pbmd8ZW58MHx8MHx8fDA%3D', 'Cool water, warm hearts.', '2025-04-20 15:08:06'),
(63, 'https://thumbs.dreamstime.com/b/group-people-dancing-dance-class-having-fun-57240951.jpg', 'Breaking a sweat, catching a beat.', '2025-04-20 17:13:28'),
(64, 'https://t3.ftcdn.net/jpg/01/09/20/40/360_F_109204081_CvSWBmG5pRGDwIERPX0Uv97YSn7dTdoV.jpg', 'Nature never goes out of style.', '2025-04-20 23:38:48'),
(65, 'https://media.istockphoto.com/id/1203626601/photo/artist-painting.jpg?s=612x612&w=0&k=20&c=-kseQCVRlF2JqJNb5zmATfsrGUjQ24dyinpb96YB7zE=', 'Masterpieces in progress.', '2025-04-20 21:07:40'),
(66, 'https://media.istockphoto.com/id/465383082/photo/female-swimmer-at-the-swimming-pool.jpg?s=612x612&w=0&k=20&c=tcTwN2rTvUBK4wddan_GUCxrXX6bBoU-hyrVMvmT0BM=', 'Pool days are the best days.', '2025-04-20 08:54:12'),
(67, 'https://media.gettyimages.com/id/1357967978/photo/happy-group-of-people-in-a-pottery-class.jpg?s=612x612&w=gi&k=20&c=o2jx7hxZepqPBgX_OIGCCYU5CUKGNBqWnW3oc26S1vI=', 'Clay in motion, ideas in flow.', '2025-04-20 23:44:23'),
(68, 'https://images.pexels.com/photos/711187/pexels-photo-711187.jpeg?cs=srgb&dl=pexels-heart-rules-1656004-711187.jpg&fm=jpg', 'Freestyle kind of day.', '2025-04-20 20:28:04'),
(69, 'https://media.istockphoto.com/id/1594228594/photo/close-up-image-of-a-young-creative-artists-hands-smeared-with-watercolors-holding-a-spatula.jpg?s=612x612&w=0&k=20&c=G-bXSkCLcgiaEkmD-GGe48TsrF0l6X2ebg-zAjtEFcA=', 'Coloring outside the lines, literally.', '2025-04-20 15:05:06'),
(70, 'https://t4.ftcdn.net/jpg/05/10/81/89/360_F_510818976_CoP2h7WzBEFHXjOlERSOaWQSif2vlBNM.jpg', 'Dance like nobody''s watching.', '2025-04-20 01:24:28'),
(71, 'https://images.stockcake.com/public/4/a/b/4abd173f-4c64-4b0e-b31c-208a8ab8f137_large/vibrant-dance-class-stockcake.jpg', 'Finding rhythm in every step.', '2025-04-20 21:56:54'),
(72, 'https://st2.depositphotos.com/7972026/11916/i/950/depositphotos_119166632-stock-photo-group-of-people-hiking.jpg', 'Hike more, worry less.', '2025-04-20 01:57:05'),
(73, 'https://img3.stockfresh.com/files/l/len44ik/m/25/4571397_stock-photo-cute-little-girl-in-swimming-pool.jpg', 'Swim, splash, smile.', '2025-04-20 14:27:40'),
(74, 'https://media.istockphoto.com/id/465383082/photo/female-swimmer-at-the-swimming-pool.jpg?s=612x612&w=0&k=20&c=tcTwN2rTvUBK4wddan_GUCxrXX6bBoU-hyrVMvmT0BM=', 'Pool days are the best days.', '2025-04-20 18:05:08'),
(75, 'https://www.shutterstock.com/shutterstock/photos/2253572431/display_1500/stock-photo-african-american-woman-artist-smiling-confident-drawing-at-art-studio-2253572431.jpg', 'Caught in the moment of creativity.', '2025-04-20 15:28:33'),
(76, 'https://images.pexels.com/photos/1266808/pexels-photo-1266808.jpeg?cs=srgb&dl=pexels-steve-1266808.jpg&fm=jpg', 'Abstract expressions all day.', '2025-04-20 23:17:25'),
(77, 'https://thumbs.dreamstime.com/b/senior-man-swimming-blue-ocean-health-activity-concept-senior-man-swimming-blue-ocean-health-activity-126005005.jpg', 'Cool water, warm hearts.', '2025-04-20 02:55:42'),
(78, 'https://media.istockphoto.com/id/1402900288/photo/retired-pensioner-painting-for-therapy.jpg?s=612x612&w=0&k=20&c=6LKaKHOOkvBqVqpnB7S21KDhnL02btl2REIXqyF4ruI=', 'Caught in the moment of creativity.', '2025-04-20 15:54:15'),
(79, 'https://thumbs.dreamstime.com/b/people-hiking-norway-couple-man-woman-traveling-backpack-active-vacations-healthy-lifestyle-outdoor-mountains-350524026.jpg', 'Rocky paths and rewarding views.', '2025-04-20 19:54:13'),
(80, 'https://burst.shopifycdn.com/photos/man-hiking-in-mountains.jpg?width=373&format=pjpg&exif=0&iptc=0', 'Hike more, worry less.', '2025-04-20 11:42:06'),
(81, 'https://t4.ftcdn.net/jpg/03/40/51/65/360_F_340516560_gKJSjmXXjDHu28s4JUkIGxRi3u9FhTjD.jpg', 'Studio vibes and good energy.', '2025-04-20 17:51:41'),
(82, 'https://media.istockphoto.com/id/967041640/photo/children-dancing-contemp-in-studio-smiling-and-having-fun.jpg?s=612x612&w=0&k=20&c=J5EcohD-XrTcOGKN_7B7rEhO12_dp0TSbOYof89DxNw=', 'Finding rhythm in every step.', '2025-04-20 13:08:08'),
(83, 'https://as2.ftcdn.net/jpg/05/31/87/99/1000_F_531879934_Vn8FbIVgHNrqAQvPaqvfNzLPxO8rTHJx.jpg', 'Bowls, mugs, and a few laughs.', '2025-04-20 07:52:02'),
(84, 'https://media.istockphoto.com/id/1884766436/photo/pottery-teacher-teaching-her-student-at-a-ceramics-workshop.jpg?s=612x612&w=0&k=20&c=K_ovvYvZW-1y7muVYJRUT3cdEmpiYv0dN_OYI9nSV-c=', 'Hands dirty, heart happy.', '2025-04-20 02:15:15'),
(85, 'https://images.pexels.com/photos/711187/pexels-photo-711187.jpeg?cs=srgb&dl=pexels-heart-rules-1656004-711187.jpg&fm=jpg', 'Cool water, warm hearts.', '2025-04-20 14:30:06'),
(86, 'https://media.istockphoto.com/id/1364551940/photo/happy-senior-woman-in-swimming-pool-leaning-on-edge.jpg?s=612x612&w=0&k=20&c=X-uvfEKk3K-A40ErGfeuaqK6B9fri6qJtsBhbNBBLiY=', 'Just keep swimming ', '2025-04-20 01:29:18'),
(87, 'https://thumbs.dreamstime.com/b/year-old-boy-studying-pottery-clay-modeling-master-class-carpathians-ukraine-year-old-boy-studying-pottery-clay-modeling-216737745.jpg', 'Bowls, mugs, and a few laughs.', '2025-04-20 16:37:11'),
(88, 'https://plus.unsplash.com/premium_photo-1681492514899-089902cd417a?fm=jpg&q=60&w=3000&ixlib=rb-4.0.3&ixid=M3wxMjA3fDB8MHxzZWFyY2h8MXx8ZGFuY2UlMjBjbGFzc3xlbnwwfHwwfHx8MA%3D%3D', 'When in doubt, dance it out.', '2025-04-20 22:22:51'),
(89, 'https://c8.alamy.com/comp/2E143HP/sporty-female-swimmer-in-pool-2E143HP.jpg', 'Underwater thoughts.', '2025-04-20 07:45:42'),
(90, 'https://images.unsplash.com/photo-1470376619031-a6791e534bf0?fm=jpg&q=60&w=3000&ixlib=rb-4.0.3&ixid=M3wxMjA3fDB8MHxzZWFyY2h8N3x8c3dpbW1pbmd8ZW58MHx8MHx8fDA%3D', 'Freestyle kind of day.', '2025-04-20 13:13:22'),
(91, 'https://media.gettyimages.com/id/947537080/photo/children-practicing-musical-theater-in-studio.jpg?s=612x612&w=gi&k=20&c=Ob2l3N0P1o8bgnYEwbztXr81u_kLu5NNrAOSKR1YOyE=', 'Twist, turn, and groove.', '2025-04-20 05:19:16'),
(92, 'https://thumbs.dreamstime.com/b/beautiful-young-woman-relaxing-painting-art-canvas-outdoors-her-garden-mindfulness-therapy-creativity-concept-222502033.jpg', 'Every brushstroke tells a story.', '2025-04-20 05:57:50'),
(93, 'https://static2.bigstockphoto.com/3/3/1/large1500/1337877.jpg', 'Caught in the moment of creativity.', '2025-04-20 09:39:32'),
(94, 'https://media.istockphoto.com/id/1132353492/photo/child-learning-to-swim-kids-in-swimming-pool.jpg?s=612x612&w=0&k=20&c=y6AWbZA5AOlVHXA7sO9uHfe5HDQp2z76ZvrU0spZWmw=', 'Pool days are the best days.', '2025-04-20 13:35:38'),
(95, 'https://www.shutterstock.com/image-photo/portrait-multicultural-pottery-course-attendees-600nw-2480656295.jpg', 'Just me and my wheel.', '2025-04-20 21:50:54'),
(96, 'https://www.shutterstock.com/image-photo/little-girl-deftly-swim-underwater-260nw-657728251.jpg', 'Freestyle kind of day.', '2025-04-20 03:07:22'),
(97, 'https://images.unsplash.com/photo-1524594152303-9fd13543fe6e?fm=jpg&q=60&w=3000&ixlib=rb-4.0.3&ixid=M3wxMjA3fDB8MHxzZWFyY2h8Mnx8ZGFuY2UlMjBjbGFzc3xlbnwwfHwwfHx8MA%3D%3D', 'Finding rhythm in every step.', '2025-04-20 05:30:27'),
(98, 'https://st.depositphotos.com/2270781/2435/i/950/depositphotos_24359265-stock-photo-hiking-in-the-mountains.jpg', 'One trail at a time.', '2025-04-20 05:17:11'),
(99, 'https://static2.bigstockphoto.com/3/3/1/large1500/1337877.jpg', 'Caught in the moment of creativity.', '2025-04-20 00:04:57'),
(100, 'https://images.pexels.com/photos/1194235/pexels-photo-1194235.jpeg?cs=srgb&dl=pexels-ben-maxwell-479813-1194235.jpg&fm=jpg', 'Hike more, worry less.', '2025-04-20 04:30:07'),
(101, 'https://images.stockcake.com/public/2/8/6/286ba175-841b-444c-8fe0-518d9b160b47_large/joyful-dance-class-stockcake.jpg', 'Twist, turn, and groove.', '2025-04-20 02:17:30'),
(102, 'https://st5.depositphotos.com/1003713/66422/i/1600/depositphotos_664226422-stock-photo-pottering-son-confident-young-man.jpg', 'Just me and my wheel.', '2025-04-20 13:46:53'),
(103, 'https://images.pexels.com/photos/1415810/pexels-photo-1415810.jpeg?auto=compress&cs=tinysrgb&dpr=1&w=500', 'Underwater thoughts.', '2025-04-20 06:44:15'),
(104, 'https://media.istockphoto.com/id/483396427/photo/dance-fitness.jpg?s=612x612&w=0&k=20&c=muLXGopm5JdwVrf6dQgrkp3CoHJggjsjEKvmF7tsgwg=', 'Breaking a sweat, catching a beat.', '2025-04-20 19:18:29'),
(105, 'https://media.gettyimages.com/id/904172104/photo/weve-made-it-all-this-way-i-am-proud.jpg?s=612x612&w=gi&k=20&c=4v5eDfZYuB5LwKWS0ZWP_dIHrdC6es-kXrPO2JqcEqs=', 'Found peace at the summit.', '2025-04-20 03:39:23'),
(106, 'https://media.gettyimages.com/id/1689168106/photo/rear-view-of-a-woman-dancing-at-dance-studio.jpg?s=612x612&w=gi&k=20&c=oAiAk9izIQkSfEy4D1kGuy-O1jtH87oIn684918ZAVc=', 'Breaking a sweat, catching a beat.', '2025-04-20 10:25:33'),
(107, 'https://images.unsplash.com/photo-1524594152303-9fd13543fe6e?fm=jpg&q=60&w=3000&ixlib=rb-4.0.3&ixid=M3wxMjA3fDB8MHxzZWFyY2h8Mnx8ZGFuY2UlMjBjbGFzc3xlbnwwfHwwfHx8MA%3D%3D', 'Twist, turn, and groove.', '2025-04-20 15:18:31'),
(108, 'https://media.istockphoto.com/id/521912231/photo/dancing-class.jpg?s=612x612&w=0&k=20&c=4qPtUdiSyzqbVsEC_PYUi5FlZ2GZ9VaCw01-fWZL8nE=', 'Dance like nobody''s watching.', '2025-04-20 03:14:10'),
(109, 'https://images.pexels.com/photos/12165832/pexels-photo-12165832.jpeg?auto=compress&cs=tinysrgb&w=1260&h=750&dpr=1', 'Pottery night success!', '2025-04-20 09:47:12'),
(110, 'https://media.gettyimages.com/id/1094970614/photo/two-people-creating-pottery.jpg?s=612x612&w=gi&k=20&c=h_lsjGQJgf7qgoQD9Pkmmv5CjCqThgNP99i6mkVGTlY=', 'Bowls, mugs, and a few laughs.', '2025-04-20 11:44:44'),
(111, 'https://thumbs.dreamstime.com/b/children-painting-finger-easel-group-kids-teacher-girl-boy-learn-paint-class-school-child-picture-background-97201182.jpg', 'Mixing colors and catching vibes.', '2025-04-20 18:09:20'),
(112, 'https://www.shutterstock.com/image-photo/portrait-multicultural-pottery-course-attendees-600nw-2480656295.jpg', 'Hands dirty, heart happy.', '2025-04-20 21:53:40'),
(113, 'https://media.istockphoto.com/id/894870474/photo/two-women-at-a-pottery-workshop-making-clay-pots.jpg?s=612x612&w=0&k=20&c=6SJuo_uRLPJ3aD9YRHt8zJqcE1CO-vbBtjVgOlzoEq4=', 'Pottery: where patience meets creativity.', '2025-04-20 16:01:06'),
(114, 'https://burst.shopifycdn.com/photos/nature-photographer-in-california-mountains.jpg?width=1000&format=pjpg&exif=0&iptc=0', 'Rocky paths and rewarding views.', '2025-04-20 19:30:56'),
(115, 'https://plus.unsplash.com/premium_photo-1664475361436-e37f6f2ba407?fm=jpg&q=60&w=3000&ixlib=rb-4.0.3&ixid=M3wxMjA3fDB8MHxzZWFyY2h8MXx8c3dpbW1pbmd8ZW58MHx8MHx8fDA%3D', 'Freestyle kind of day.', '2025-04-20 07:33:45'),
(116, 'https://c8.alamy.com/comp/HNWFRN/mature-couple-with-teacher-in-pottery-class-HNWFRN.jpg', 'Hands dirty, heart happy.', '2025-04-20 22:19:08'),
(117, 'https://st5.depositphotos.com/1003713/66422/i/1600/depositphotos_664226422-stock-photo-pottering-son-confident-young-man.jpg', 'Centering more than just clay today.', '2025-04-20 16:29:23'),
(118, 'https://previews.123rf.com/images/ftlaudgirl/ftlaudgirl1308/ftlaudgirl130800074/21383615-pretty-young-girl-swimming-to-bottom-of-pool.jpg', 'Cool water, warm hearts.', '2025-04-20 14:07:53'),
(119, 'https://images.pexels.com/photos/1047540/pexels-photo-1047540.jpeg?cs=srgb&dl=pexels-steve-1047540.jpg&fm=jpg', 'Coloring outside the lines, literally.', '2025-04-20 12:02:30'),
(120, 'https://www.shutterstock.com/shutterstock/videos/3733028619/thumb/1.jpg?ip=x480', 'Lost in the strokes.', '2025-04-20 20:40:18'),
(121, 'https://c8.alamy.com/comp/HG4HXD/senior-man-with-teacher-in-pottery-class-HG4HXD.jpg', 'Centering more than just clay today.', '2025-04-20 03:39:20'),
(122, 'https://t4.ftcdn.net/jpg/04/14/13/11/360_F_414131198_QU7QwNchV2tMWPev1eF7KubRl0LZXqSn.jpg', 'Hands dirty, heart happy.', '2025-04-20 12:40:15'),
(123, 'https://c8.alamy.com/comp/2E143HP/sporty-female-swimmer-in-pool-2E143HP.jpg', 'Diving into the deep end.', '2025-04-20 04:25:21'),
(124, 'https://st3.depositphotos.com/12982378/18168/i/1600/depositphotos_181685806-stock-photo-smiling-handsome-man-painting-wall.jpg', 'Caught in the moment of creativity.', '2025-04-20 12:37:52'),
(125, 'https://media.gettyimages.com/id/1293895976/photo/attention-to-detail-makes-all-the-difference.jpg?s=612x612&w=gi&k=20&c=jsuN_alLPRW85rr3Ce1tOD8EOLhEK35TY2_DBwLhaKM=', 'Hands dirty, heart happy.', '2025-04-20 11:01:47'),
(126, 'https://c8.alamy.com/comp/M98819/austria-tyrol-young-man-hiking-in-the-mountains-M98819.jpg', 'Nature never goes out of style.', '2025-04-20 14:07:51'),
(127, 'https://st3.depositphotos.com/2931363/12878/i/950/depositphotos_128787910-stock-photo-father-and-son-making-ceramic.jpg', 'Pottery: where patience meets creativity.', '2025-04-20 01:06:43'),
(128, 'https://images.stockcake.com/public/e/f/0/ef0df416-e38e-40da-b559-34f47a53f691_large/kids-hiking-trail-stockcake.jpg', 'Chasing views and good vibes.', '2025-04-20 08:32:04'),
(129, 'https://st2.depositphotos.com/5586578/10520/i/950/depositphotos_105208868-stock-photo-creative-happy-painter-paints-a.jpg', 'Coloring outside the lines, literally.', '2025-04-20 02:28:06'),
(130, 'https://media.istockphoto.com/id/1511069617/photo/women-hikers-embracing-the-untamed-beauty-of-tasmania-through-exhilarating-bushwalking.jpg?s=612x612&w=0&k=20&c=T8sDlMsvby3usWMjkdvQobeMycD0YkwyreeRF9VFWE8=', 'Wander often, wonder always.', '2025-04-20 21:16:24'),
(131, 'https://media.istockphoto.com/id/894870474/photo/two-women-at-a-pottery-workshop-making-clay-pots.jpg?s=612x612&w=0&k=20&c=6SJuo_uRLPJ3aD9YRHt8zJqcE1CO-vbBtjVgOlzoEq4=', 'From lump to lovely.', '2025-04-20 20:50:23'),
(132, 'https://cdn.pixabay.com/photo/2018/02/04/09/09/brushes-3129361_640.jpg', 'Every brushstroke tells a story.', '2025-04-20 08:59:56'),
(133, 'https://t4.ftcdn.net/jpg/03/40/51/65/360_F_340516560_gKJSjmXXjDHu28s4JUkIGxRi3u9FhTjD.jpg', 'When in doubt, dance it out.', '2025-04-20 11:02:56'),
(134, 'https://en.pimg.jp/043/381/705/1/43381705.jpg', 'Feeling the beat from head to toe.', '2025-04-20 14:22:55'),
(135, 'https://t3.ftcdn.net/jpg/00/59/75/26/360_F_59752635_y1HkYJT4gsvGKOPBL8K8OQMwZbph0Tdo.jpg', 'Breaking a sweat, catching a beat.', '2025-04-20 01:09:14'),
(136, 'https://burst.shopifycdn.com/photos/hiker-climbing-mountains.jpg?width=1000&format=pjpg&exif=0&iptc=0', 'Rocky paths and rewarding views.', '2025-04-20 14:32:17'),
(137, 'https://media.istockphoto.com/id/938119364/photo/woman-painting.jpg?s=612x612&w=0&k=20&c=JKFJGiLlrK9gHKvwxSXRFjYLnvg7ArZBZw8bP8s6RJ8=', 'Canvas therapy session.', '2025-04-20 23:02:47'),
(138, 'https://www.shutterstock.com/shutterstock/photos/1909533559/display_1500/stock-photo-group-of-four-hikers-with-backpacks-walks-in-mountains-at-sunset-1909533559.jpg', 'Nature never goes out of style.', '2025-04-20 18:50:50'),
(139, 'https://media.istockphoto.com/id/1203626601/photo/artist-painting.jpg?s=612x612&w=0&k=20&c=-kseQCVRlF2JqJNb5zmATfsrGUjQ24dyinpb96YB7zE=', 'Abstract expressions all day.', '2025-04-20 21:38:10'),
(140, 'https://media.istockphoto.com/id/1884847089/photo/senior-woman-on-pottery-class-at-a-ceramics-workshop.jpg?s=612x612&w=0&k=20&c=sISlRYqH0ViuzLNW-7jv4leJDDANE8QLovyeh5AjpqM=', 'Hands dirty, heart happy.', '2025-04-20 16:25:39'),
(141, 'https://freerangestock.com/sample/160041/woman-hiking-towards-mountain-under-cloudy-sky.jpg', 'Trail time is the best time.', '2025-04-20 23:13:50'),
(142, 'https://media.gettyimages.com/id/956152482/photo/hip-hop-dance-group-of-young-diverse-girls.jpg?s=612x612&w=gi&k=20&c=I71LcNh6AxyZiPPnVv2BEQ6jBe9USdsFBkonzamAdvA=', 'Finding rhythm in every step.', '2025-04-20 01:00:12'),
(143, 'https://st2.depositphotos.com/1022715/8016/i/950/depositphotos_80169026-stock-photo-girls-at-ballet-dancing-class.jpg', 'Learning new steps and loving it.', '2025-04-20 19:06:54'),
(144, 'https://azlmsc.org/wp-content/uploads/2018/11/UCSD-Swimming-stock-by-Mike-Lewis-MJL_7121.jpg', 'Freestyle kind of day.', '2025-04-20 01:47:53'),
(145, 'https://thumbs.dreamstime.com/b/hikers-people-hiking-healthy-active-lifestyle-hiker-beautiful-mountain-nature-landscape-woman-men-37883423.jpg', 'Wander often, wonder always.', '2025-04-20 18:24:42'),
(146, 'https://images.pexels.com/photos/12165832/pexels-photo-12165832.jpeg?auto=compress&cs=tinysrgb&w=1260&h=750&dpr=1', 'Centering more than just clay today.', '2025-04-20 16:35:28'),
(147, 'https://t3.ftcdn.net/jpg/00/59/75/26/360_F_59752635_y1HkYJT4gsvGKOPBL8K8OQMwZbph0Tdo.jpg', 'When in doubt, dance it out.', '2025-04-20 18:58:53'),
(148, 'https://c8.alamy.com/comp/M98819/austria-tyrol-young-man-hiking-in-the-mountains-M98819.jpg', 'Every step is an adventure.', '2025-04-20 11:26:39'),
(149, 'https://img3.stockfresh.com/files/l/len44ik/m/62/4566669_stock-photo-cute-little-girl-in-swimming-pool.jpg', 'Diving into the deep end.', '2025-04-20 21:07:08'),
(150, 'https://burst.shopifycdn.com/photos/man-hiking-in-mountains.jpg?width=373&format=pjpg&exif=0&iptc=0', 'Hike more, worry less.', '2025-04-20 17:34:05'),
(151, 'https://as2.ftcdn.net/jpg/04/55/45/75/1000_F_455457575_uLM2EwZw6Jkcg1tXmjPYEWDzwqFwSQEp.jpg', 'Hands dirty, heart happy.', '2025-04-20 10:03:03'),
(152, 'https://images.pexels.com/photos/8957645/pexels-photo-8957645.jpeg?cs=srgb&dl=pexels-kampus-8957645.jpg&fm=jpg', 'Learning new steps and loving it.', '2025-04-20 17:08:45'),
(153, 'https://c8.alamy.com/comp/WBCB3E/professional-african-american-male-potter-painting-ceramic-pot-in-pottery-workshop-WBCB3E.jpg', 'From lump to lovely.', '2025-04-20 19:39:59'),
(154, 'https://media.gettyimages.com/id/103056384/photo/student-working-with-clay-in-classroom.jpg?s=612x612&w=gi&k=20&c=_UrNAWg3PhGWioU_JhSNjjU10ijZWPiKaty5GujdCYg=', 'Clay in motion, ideas in flow.', '2025-04-20 15:10:18'),
(155, 'https://st2.depositphotos.com/1003580/9950/i/950/depositphotos_99503184-stock-photo-happy-kids-enjoying-swimming.jpg', 'Making waves and memories.', '2025-04-20 12:22:40'),
(156, 'https://st.depositphotos.com/1637787/3445/i/950/depositphotos_34455477-stock-photo-happy-couple-hiking.jpg', 'Wander often, wonder always.', '2025-04-20 12:30:15'),
(157, 'https://st2.depositphotos.com/2069237/5288/i/950/depositphotos_52887017-stock-photo-celebrating-hiking-people-at-top.jpg', 'Wander often, wonder always.', '2025-04-20 08:56:41'),
(158, 'https://images.pexels.com/photos/1047540/pexels-photo-1047540.jpeg?cs=srgb&dl=pexels-steve-1047540.jpg&fm=jpg', 'Masterpieces in progress.', '2025-04-20 06:10:20'),
(159, 'https://media.istockphoto.com/id/1190200652/photo/the-painter-hands.jpg?s=612x612&w=0&k=20&c=ejXBjL330H0_i7O90UaRnMqP2G-ZQLgI4XBeXxweWss=', 'Paint, sip, and relax.', '2025-04-20 18:03:59'),
(160, 'https://img.pikbest.com/origin/05/89/62/07hpIkbEsTIZf.jpg!f305cw', 'Every move is a mood.', '2025-04-20 01:13:20'),
(161, 'https://c8.alamy.com/comp/WXRA7G/senior-woman-spinning-clay-on-a-wheel-with-a-help-of-a-teacher-at-pottery-class-WXRA7G.jpg', 'Bowls, mugs, and a few laughs.', '2025-04-20 08:22:51'),
(162, 'https://previews.123rf.com/images/pressmaster/pressmaster1505/pressmaster150500181/39635412-young-artist-looking-at-camera-on-background-of-his-painting.jpg', 'Caught in the moment of creativity.', '2025-04-20 21:15:18'),
(163, 'https://t3.ftcdn.net/jpg/01/43/77/72/360_F_143777213_rygDL4sjci25AbaufYjkMfsf4jAaAmar.jpg', 'Swim time = me time.', '2025-04-20 01:16:45'),
(164, 'https://media.istockphoto.com/id/1304289911/photo/my-vision-of-female-face.jpg?s=612x612&w=0&k=20&c=PqJ9iL628RILnaVYcCWSFqLj4IxVR7826Lt9t8FknOo=', 'Masterpieces in progress.', '2025-04-20 20:42:52'),
(165, 'https://st2.depositphotos.com/2069237/5288/i/950/depositphotos_52887017-stock-photo-celebrating-hiking-people-at-top.jpg', 'Every step is an adventure.', '2025-04-20 17:47:11'),
(166, 'https://media.gettyimages.com/id/1321486723/photo/japanese-man-spending-weekend-morning-painting-in-his-bedroom-at-home.jpg?s=612x612&w=gi&k=20&c=3XJUvsdMrjmMgJTtSmoVgG29e7i1fNsRlHqLxFSuPHY=', 'Coloring outside the lines, literally.', '2025-04-20 11:50:06'),
(167, 'https://as2.ftcdn.net/jpg/05/31/87/99/1000_F_531879934_Vn8FbIVgHNrqAQvPaqvfNzLPxO8rTHJx.jpg', 'Pottery night success!', '2025-04-20 19:35:21'),
(168, 'https://thumbs.dreamstime.com/b/group-people-dancing-dance-class-having-fun-57240951.jpg', 'Every move is a mood.', '2025-04-20 09:20:25'),
(169, 'https://t3.ftcdn.net/jpg/02/79/12/64/360_F_279126480_SnYLQ4giezvQntosGqijPxvwIcaHLQAe.jpg', 'One trail at a time.', '2025-04-20 04:10:02'),
(170, 'https://burst.shopifycdn.com/photos/nature-photographer-in-california-mountains.jpg?width=1000&format=pjpg&exif=0&iptc=0', 'Every step is an adventure.', '2025-04-20 10:13:04'),
(171, 'https://images.stockcake.com/public/2/8/6/286ba175-841b-444c-8fe0-518d9b160b47_large/joyful-dance-class-stockcake.jpg', 'Breaking a sweat, catching a beat.', '2025-04-20 04:35:42'),
(172, 'https://t4.ftcdn.net/jpg/04/48/77/29/360_F_448772999_4KvKOwVaIEAtBPWdsDT39xX7Zyk0kTld.jpg', 'Lost in the strokes.', '2025-04-20 03:31:20'),
(173, 'https://previews.123rf.com/images/seventyfour74/seventyfour741903/seventyfour74190300485/118890802-pottery-class-for-kids.jpg', 'Pottery night success!', '2025-04-20 22:46:43'),
(174, 'https://media.istockphoto.com/id/498089329/photo/little-girls-dancing.jpg?s=612x612&w=0&k=20&c=qT0T2k2suvoQNVdi_5lJPTk45J3G7ust8roZTEFpQCA=', 'When in doubt, dance it out.', '2025-04-20 06:06:47'),
(175, 'https://media.istockphoto.com/id/1884847089/photo/senior-woman-on-pottery-class-at-a-ceramics-workshop.jpg?s=612x612&w=0&k=20&c=sISlRYqH0ViuzLNW-7jv4leJDDANE8QLovyeh5AjpqM=', 'Centering more than just clay today.', '2025-04-20 15:37:59'),
(176, 'https://images.pexels.com/photos/868097/pexels-photo-868097.jpeg?cs=srgb&dl=pexels-ozgomz-868097.jpg&fm=jpg', 'Rocky paths and rewarding views.', '2025-04-20 07:01:18'),
(177, 'https://st4.depositphotos.com/5392356/24915/i/450/depositphotos_249156258-stock-photo-choreographed-dance-group-young-ballerinas.jpg', 'Dance like nobody''s watching.', '2025-04-20 09:37:53'),
(178, 'https://previews.123rf.com/images/serezniy/serezniy1809/serezniy180903599/109039515-little-girl-in-swimming-pool-on-sunny-day.jpg', 'Freestyle kind of day.', '2025-04-20 20:18:26'),
(179, 'https://st3.depositphotos.com/1007011/14427/i/450/depositphotos_144276885-stock-photo-real-female-painting-wall.jpg', 'Brushing up on my art skills ', '2025-04-20 19:04:29'),
(180, 'https://thumbs.dreamstime.com/b/group-people-dancing-dance-class-having-fun-57240951.jpg', 'Dance like nobody''s watching.', '2025-04-20 04:42:03'),
(181, 'https://thumbs.dreamstime.com/b/black-girl-diving-swimming-pool-vacation-76419783.jpg', 'Freestyle kind of day.', '2025-04-20 15:58:23'),
(182, 'https://plus.unsplash.com/premium_photo-1661380954234-13d98a83577c?fm=jpg&q=60&w=3000&ixlib=rb-4.0.3&ixid=M3wxMjA3fDB8MHxzZWFyY2h8MXx8cG90dGVyeXxlbnwwfHwwfHx8MA%3D%3D', 'Pottery night success!', '2025-04-20 10:26:43'),
(183, 'https://www.shutterstock.com/image-photo/two-tourists-walks-small-backpacks-600nw-2482553147.jpg', 'Trail time is the best time.', '2025-04-20 22:15:01'),
(184, 'https://images.stockcake.com/public/4/a/b/4abd173f-4c64-4b0e-b31c-208a8ab8f137_large/vibrant-dance-class-stockcake.jpg', 'Dance like nobody''s watching.', '2025-04-20 02:48:36'),
(185, 'https://en.pimg.jp/043/381/705/1/43381705.jpg', 'Breaking a sweat, catching a beat.', '2025-04-20 05:09:52'),
(186, 'https://bodyliberationphotos.com/wp-content/uploads/2020/11/Plus-Size-amp-Diverse-Stock-Photo-Fat-Dance-Class-58092.jpg', 'Feeling the beat from head to toe.', '2025-04-20 06:09:32'),
(187, 'https://img3.stockfresh.com/files/l/len44ik/m/62/4566669_stock-photo-cute-little-girl-in-swimming-pool.jpg', 'Freestyle kind of day.', '2025-04-20 06:43:50'),
(188, 'https://media.istockphoto.com/id/2159701965/photo/kids-having-fun-on-dance-class-on-dance-studio.jpg?s=612x612&w=0&k=20&c=B58ExqGStsZUSAgCDdaN-SGuMMo0bSLr7sBGXL9x7sM=', 'Breaking a sweat, catching a beat.', '2025-04-20 11:44:15'),
(189, 'https://media.istockphoto.com/id/985041468/photo/modeling-on-a-potters-wheel.jpg?s=612x612&w=0&k=20&c=GL8--f0_STRdNNmCOe73AdM8LWq38G0Tn9jRPM1Ct8w=', 'Pottery night success!', '2025-04-20 13:31:24'),
(190, 'https://thumbs.dreamstime.com/b/boy-swimming-laps-12625729.jpg', 'Cool water, warm hearts.', '2025-04-20 23:19:15'),
(191, 'https://img3.stockfresh.com/files/l/len44ik/m/25/4571397_stock-photo-cute-little-girl-in-swimming-pool.jpg', 'Freestyle kind of day.', '2025-04-20 08:25:34'),
(192, 'https://media.istockphoto.com/id/1304289911/photo/my-vision-of-female-face.jpg?s=612x612&w=0&k=20&c=PqJ9iL628RILnaVYcCWSFqLj4IxVR7826Lt9t8FknOo=', 'Mixing colors and catching vibes.', '2025-04-20 12:59:00'),
(193, 'https://media.gettyimages.com/id/947537080/photo/children-practicing-musical-theater-in-studio.jpg?s=612x612&w=gi&k=20&c=Ob2l3N0P1o8bgnYEwbztXr81u_kLu5NNrAOSKR1YOyE=', 'Studio vibes and good energy.', '2025-04-20 10:54:17'),
(194, 'https://i0.wp.com/artinthebarn.life/wp-content/uploads/2024/06/mommy-and-me-stock-pottery-photo.jpg?fit=1178%2C1353&ssl=1', 'Shaping memories from clay.', '2025-04-20 14:45:03'),
(195, 'https://previews.123rf.com/images/jackf/jackf2303/jackf230300668/199621267-joyous-boy-and-girls-dancing-hip-hop-at-lesson-in-class.jpg', 'Finding rhythm in every step.', '2025-04-20 11:54:50'),
(196, 'https://thumbs.dreamstime.com/b/people-hiking-norway-couple-man-woman-traveling-backpack-active-vacations-healthy-lifestyle-outdoor-mountains-350524026.jpg', 'Trail time is the best time.', '2025-04-20 11:38:47'),
(197, 'https://media.gettyimages.com/id/1343284990/photo/hispanic-group-dance-fitness-class.jpg?s=612x612&w=gi&k=20&c=1g0R6QJYzGSaBPqjcJ3j8qcwYI2WXweA4uFl5XKzTek=', 'Breaking a sweat, catching a beat.', '2025-04-20 22:53:12'),
(198, 'https://previews.123rf.com/images/ljupco/ljupco1810/ljupco181000279/110998582-happy-man-painting-on-a-canvas.jpg', 'Abstract expressions all day.', '2025-04-20 18:29:57'),
(199, 'https://cms-artifacts.artlist.io/content/motion-array/404953/Little_Girl_In_Swimming_Pool_high_resolution_preview_404953.jpg?Expires=2036676835684&Key-Pair-Id=K2ZDLYDZI2R1DF&Signature=uKRDRTe8N9ZWVJWmaHYzECUzC1durXORiF7clZmsQ-BiTeHJhpWdoA~iqDQfP19xmUqvE02VROXkS8X0z9gnWLWzN6HS2uya8wzVQ0uL8u1Kgqvl1JlNN9wg8WI1ezrg8nbioea2tVRyhi6yQE8SYleYQQnp6U48~X3KdeHDEMloB7B9XTvjz1Am9fIAPEnifU3jafqfit1QrqjzCo~qcVJlS4JnbdBZhAokJJwyQwpnhIasIeSRXnds5b0URgoyhTA0URKOxSZ8-jeQpxmxpXHDs5Z1s9cHCR1a~bLdFK8p0wGMhPphmF95yWvmC8xNJ2P4rfFnVvwZw6bYHYrWSQ__', 'Making waves and memories.', '2025-04-20 20:14:57'),
(200, 'https://images.pexels.com/photos/8957645/pexels-photo-8957645.jpeg?cs=srgb&dl=pexels-kampus-8957645.jpg&fm=jpg', 'Learning new steps and loving it.', '2025-04-20 08:27:58'),
(201, 'https://media.istockphoto.com/id/1183183783/photo/female-artist-works-on-abstract-oil-painting-moving-paint-brush-energetically-she-creates.jpg?s=612x612&w=0&k=20&c=JLPrSmpdzPklAVKycBJ83oPASPfFPS46XvN0TShfLwI=', 'Abstract expressions all day.', '2025-04-20 20:55:39'),
(202, 'https://thumbs.dreamstime.com/b/children-painting-finger-easel-group-kids-teacher-girl-boy-learn-paint-class-school-child-picture-background-97201182.jpg', 'Lost in the strokes.', '2025-04-20 12:09:38'),
(203, 'https://images.stockcake.com/public/e/2/d/e2d4e1aa-d776-4dc7-9629-39344cfa52cd_large/joyful-hiking-friends-stockcake.jpg', 'Hike more, worry less.', '2025-04-20 04:01:18'),
(204, 'https://c8.alamy.com/comp/WBCB3E/professional-african-american-male-potter-painting-ceramic-pot-in-pottery-workshop-WBCB3E.jpg', 'Pottery night success!', '2025-04-20 01:19:11'),
(205, 'https://thumbs.dreamstime.com/b/girl-lilo-swimming-pool-20337385.jpg', 'Freestyle kind of day.', '2025-04-20 15:14:45'),
(206, 'https://st2.depositphotos.com/1022715/8016/i/950/depositphotos_80169026-stock-photo-girls-at-ballet-dancing-class.jpg', 'Studio vibes and good energy.', '2025-04-20 04:38:51'),
(207, 'https://previews.123rf.com/images/serezniy/serezniy1809/serezniy180903599/109039515-little-girl-in-swimming-pool-on-sunny-day.jpg', 'Swim, splash, smile.', '2025-04-20 15:32:18'),
(208, 'https://thumbs.dreamstime.com/b/couple-enjoying-art-class-pottery-studio-together-warm-toned-portrait-smiling-multirational-couple-enjoying-art-class-260871641.jpg', 'Hands dirty, heart happy.', '2025-04-20 12:20:43'),
(209, 'https://images.pexels.com/photos/1227571/pexels-photo-1227571.jpeg?cs=srgb&dl=pexels-freestockpro-1227571.jpg&fm=jpg', 'Underwater thoughts.', '2025-04-20 13:55:47'),
(210, 'https://media.istockphoto.com/id/1132353492/photo/child-learning-to-swim-kids-in-swimming-pool.jpg?s=612x612&w=0&k=20&c=y6AWbZA5AOlVHXA7sO9uHfe5HDQp2z76ZvrU0spZWmw=', 'Just keep swimming ', '2025-04-20 18:04:57'),
(211, 'https://media.istockphoto.com/id/1448395809/photo/senior-woman-dancing-with-her-friends-on-a-dance-hall.jpg?s=612x612&w=0&k=20&c=X9L34zlR6Z44QPr0WMmbTYKxG4Ngt-ZC5rfjrXxWCpM=', 'Learning new steps and loving it.', '2025-04-20 12:28:26'),
(212, 'https://media.istockphoto.com/id/1884825617/photo/pottery-teacher-teaching-student-at-a-ceramics-workshop.jpg?s=612x612&w=0&k=20&c=_JjZpDBW60UMDTGQ31BapektHeBEaR6qpsd8LnXsnhE=', 'Pottery: where patience meets creativity.', '2025-04-20 08:06:24'),
(213, 'https://t3.ftcdn.net/jpg/01/43/77/72/360_F_143777213_rygDL4sjci25AbaufYjkMfsf4jAaAmar.jpg', 'Floating my worries away.', '2025-04-20 19:11:26'),
(214, 'https://previews.123rf.com/images/nd3000/nd30001906/nd3000190601133/124798438-young-man-traveling-with-backpack-hiking-in-mountains.jpg', 'Rocky paths and rewarding views.', '2025-04-20 07:43:26'),
(215, 'https://media.gettyimages.com/id/459214425/photo/perfect-butterfly-stroke.jpg?s=612x612&w=gi&k=20&c=qVPwWvTg-Zf1ZuLl9JcGNSI4yldvyYC1_ZC-AlPfRdU=', 'Swim, splash, smile.', '2025-04-20 16:26:41'),
(216, 'https://previews.123rf.com/images/ljupco/ljupco1606/ljupco160600016/57736113-young-focused-artist-painting-on-a-canvas-isolated-on-white-background.jpg', 'Brushing up on my art skills ', '2025-04-20 19:58:09'),
(217, 'https://theedenmagazine.com/wp-content/uploads/2024/06/Take-A-Hike-AdobeStock_448444473.jpg', 'Trail time is the best time.', '2025-04-20 08:14:34'),
(218, 'https://media.istockphoto.com/id/985041468/photo/modeling-on-a-potters-wheel.jpg?s=612x612&w=0&k=20&c=GL8--f0_STRdNNmCOe73AdM8LWq38G0Tn9jRPM1Ct8w=', 'Hands dirty, heart happy.', '2025-04-20 04:42:09'),
(219, 'https://burst.shopifycdn.com/photos/nature-photographer-in-california-mountains.jpg?width=1000&format=pjpg&exif=0&iptc=0', 'Every step is an adventure.', '2025-04-20 21:17:57'),
(220, 'https://www.shutterstock.com/image-photo/pottery-lesson-master-class-kids-600nw-2443277333.jpg', 'Pottery: where patience meets creativity.', '2025-04-20 09:31:26'),
(221, 'https://thumbs.dreamstime.com/b/children-enjoying-art-class-painting-ceramic-heart-ornaments-concept-creativity-childhood-activities-group-fun-356353408.jpg', 'Clay in motion, ideas in flow.', '2025-04-20 05:12:10'),
(222, 'https://media.istockphoto.com/id/1884847089/photo/senior-woman-on-pottery-class-at-a-ceramics-workshop.jpg?s=612x612&w=0&k=20&c=sISlRYqH0ViuzLNW-7jv4leJDDANE8QLovyeh5AjpqM=', 'Hands dirty, heart happy.', '2025-04-20 00:28:17'),
(223, 'https://previews.123rf.com/images/pressmaster/pressmaster1505/pressmaster150500181/39635412-young-artist-looking-at-camera-on-background-of-his-painting.jpg', 'Canvas therapy session.', '2025-04-20 19:22:29'),
(224, 'https://media.gettyimages.com/id/1369654070/photo/young-couple-backpack-up-a-mountain-summit.jpg?s=612x612&w=gi&k=20&c=CkYYtk4qXsnqZ-b4hVk7ZIhxbu3Z9K7n6saxga0W99M=', 'Rocky paths and rewarding views.', '2025-04-20 18:10:34'),
(225, 'https://azlmsc.org/wp-content/uploads/2018/11/UCSD-Swimming-stock-by-Mike-Lewis-MJL_7121.jpg', 'Underwater thoughts.', '2025-04-20 20:03:24'),
(226, 'https://media.istockphoto.com/id/1884766436/photo/pottery-teacher-teaching-her-student-at-a-ceramics-workshop.jpg?s=612x612&w=0&k=20&c=K_ovvYvZW-1y7muVYJRUT3cdEmpiYv0dN_OYI9nSV-c=', 'Centering more than just clay today.', '2025-04-20 12:12:22'),
(227, 'https://c8.alamy.com/comp/KE79JJ/female-artist-painting-in-art-studio-KE79JJ.jpg', 'Abstract expressions all day.', '2025-04-20 07:09:51'),
(228, 'https://c8.alamy.com/comp/KE79JJ/female-artist-painting-in-art-studio-KE79JJ.jpg', 'Coloring outside the lines, literally.', '2025-04-20 19:40:41'),
(229, 'https://media.istockphoto.com/id/1305177948/photo/family-with-small-children-hiking-outdoors-in-summer-nature-walking-in-high-tatras.jpg?s=612x612&w=0&k=20&c=Q9FvL7lEZGCcWe1PND0G9M57OUyCY332-V8NGliG4_U=', 'Nature never goes out of style.', '2025-04-20 14:56:57'),
(230, 'https://c8.alamy.com/comp/KE79JJ/female-artist-painting-in-art-studio-KE79JJ.jpg', 'Brushing up on my art skills ', '2025-04-20 01:17:00'),
(231, 'https://thumbs.dreamstime.com/b/beautiful-young-woman-relaxing-painting-art-canvas-outdoors-her-garden-mindfulness-therapy-creativity-concept-222502033.jpg', 'Abstract expressions all day.', '2025-04-20 07:45:11'),
(232, 'https://st2.depositphotos.com/2069237/5288/i/950/depositphotos_52887017-stock-photo-celebrating-hiking-people-at-top.jpg', 'Hike more, worry less.', '2025-04-20 08:04:20'),
(233, 'https://c8.alamy.com/comp/KE79JJ/female-artist-painting-in-art-studio-KE79JJ.jpg', 'Every brushstroke tells a story.', '2025-04-20 13:15:23'),
(234, 'https://img.pikbest.com/origin/05/89/62/07hpIkbEsTIZf.jpg!f305cw', 'Breaking a sweat, catching a beat.', '2025-04-20 17:19:37'),
(235, 'https://media.istockphoto.com/id/468936082/photo/young-children-practicing-dance.jpg?s=612x612&w=0&k=20&c=AwIlkwCmxCXyJVZq-NML1J50iWg6jG0g2UNPzxKcRwg=', 'Breaking a sweat, catching a beat.', '2025-04-20 02:23:03'),
(236, 'https://previews.123rf.com/images/microgen/microgen1602/microgen160200024/52980978-free-style-swimming.jpg', 'Underwater thoughts.', '2025-04-20 02:59:37'),
(237, 'https://media.gettyimages.com/id/1357967978/photo/happy-group-of-people-in-a-pottery-class.jpg?s=612x612&w=gi&k=20&c=o2jx7hxZepqPBgX_OIGCCYU5CUKGNBqWnW3oc26S1vI=', 'From lump to lovely.', '2025-04-20 22:53:29'),
(238, 'https://previews.123rf.com/images/seventyfour74/seventyfour741903/seventyfour74190300485/118890802-pottery-class-for-kids.jpg', 'From lump to lovely.', '2025-04-20 06:00:36'),
(239, 'https://s3.envato.com/files/502775252/22-02-2024%20-%20SASKA%20CERAMICS%20RADIONICA%20ZT8_5821.jpg', 'From lump to lovely.', '2025-04-20 10:03:14'),
(240, 'https://www.shutterstock.com/shutterstock/photos/1909533559/display_1500/stock-photo-group-of-four-hikers-with-backpacks-walks-in-mountains-at-sunset-1909533559.jpg', 'Every step is an adventure.', '2025-04-20 07:54:31'),
(241, 'https://thumbs.dreamstime.com/b/kids-dancing-class-traninng-scarfs-children-modern-group-choreography-45177643.jpg', 'Every move is a mood.', '2025-04-20 22:05:57'),
(242, 'https://t3.ftcdn.net/jpg/01/48/12/66/360_F_148126681_z4va6TTWvkYZDO3bFGneD4BJ0yNJNxrC.jpg', 'Trail time is the best time.', '2025-04-20 07:59:37'),
(243, 'https://media.gettyimages.com/id/947537080/photo/children-practicing-musical-theater-in-studio.jpg?s=612x612&w=gi&k=20&c=Ob2l3N0P1o8bgnYEwbztXr81u_kLu5NNrAOSKR1YOyE=', 'Breaking a sweat, catching a beat.', '2025-04-20 10:56:22'),
(244, 'https://img3.stockfresh.com/files/l/len44ik/m/25/4571397_stock-photo-cute-little-girl-in-swimming-pool.jpg', 'Floating my worries away.', '2025-04-20 18:02:45'),
(245, 'https://images.pexels.com/photos/12312/pexels-photo-12312.jpeg?auto=compress&cs=tinysrgb&dpr=1&w=500', 'Dance like nobody''s watching.', '2025-04-20 04:48:57'),
(246, 'https://media.gettyimages.com/id/1382832652/photo/afro-female-fine-artist-with-traditional-african-hat-and-apron-drawing-in-art-studio.jpg?s=612x612&w=gi&k=20&c=03OS0_KPH2ahVn4M85sFARAWK1oN8cpzWSlWAT8lIp8=', 'Brushing up on my art skills ', '2025-04-20 13:41:07'),
(247, 'https://t4.ftcdn.net/jpg/04/48/77/29/360_F_448772999_4KvKOwVaIEAtBPWdsDT39xX7Zyk0kTld.jpg', 'Coloring outside the lines, literally.', '2025-04-20 09:31:10'),
(248, 'https://c8.alamy.com/comp/HNWFRN/mature-couple-with-teacher-in-pottery-class-HNWFRN.jpg', 'Shaping memories from clay.', '2025-04-20 08:52:38'),
(249, 'https://www.shutterstock.com/image-photo/little-girl-deftly-swim-underwater-260nw-657728251.jpg', 'Swim time = me time.', '2025-04-20 01:52:01'),
(250, 'https://media.istockphoto.com/id/1448395809/photo/senior-woman-dancing-with-her-friends-on-a-dance-hall.jpg?s=612x612&w=0&k=20&c=X9L34zlR6Z44QPr0WMmbTYKxG4Ngt-ZC5rfjrXxWCpM=', 'Finding rhythm in every step.', '2025-04-20 17:12:17'),
(251, 'https://www.stockvault.net/data/2016/08/18/207762/preview16.jpg', 'Wander often, wonder always.', '2025-04-20 14:34:46'),
(252, 'https://image.shutterstock.com/image-photo/aerial-top-view-male-swimmer-260nw-2025637421.jpg', 'Diving into the deep end.', '2025-04-20 03:31:11'),
(253, 'https://media.istockphoto.com/id/498089329/photo/little-girls-dancing.jpg?s=612x612&w=0&k=20&c=qT0T2k2suvoQNVdi_5lJPTk45J3G7ust8roZTEFpQCA=', 'Dance like nobody''s watching.', '2025-04-20 02:39:07'),
(254, 'https://media.gettyimages.com/id/956152482/photo/hip-hop-dance-group-of-young-diverse-girls.jpg?s=612x612&w=gi&k=20&c=I71LcNh6AxyZiPPnVv2BEQ6jBe9USdsFBkonzamAdvA=', 'Learning new steps and loving it.', '2025-04-20 09:54:00'),
(255, 'https://media.istockphoto.com/id/468936082/photo/young-children-practicing-dance.jpg?s=612x612&w=0&k=20&c=AwIlkwCmxCXyJVZq-NML1J50iWg6jG0g2UNPzxKcRwg=', 'Finding rhythm in every step.', '2025-04-20 14:06:15'),
(256, 'https://c8.alamy.com/comp/J55MW9/artistic-painter-looks-through-a-magnifying-glass-isolated-on-white-J55MW9.jpg', 'Masterpieces in progress.', '2025-04-20 07:21:20'),
(257, 'https://burst.shopifycdn.com/photos/man-hiking-in-mountains.jpg?width=373&format=pjpg&exif=0&iptc=0', 'Hike more, worry less.', '2025-04-20 19:30:41'),
(258, 'https://images.unsplash.com/photo-1524594152303-9fd13543fe6e?fm=jpg&q=60&w=3000&ixlib=rb-4.0.3&ixid=M3wxMjA3fDB8MHxzZWFyY2h8Mnx8ZGFuY2UlMjBjbGFzc3xlbnwwfHwwfHx8MA%3D%3D', 'Learning new steps and loving it.', '2025-04-20 12:07:46'),
(259, 'https://images.pexels.com/photos/1266808/pexels-photo-1266808.jpeg?cs=srgb&dl=pexels-steve-1266808.jpg&fm=jpg', 'Canvas therapy session.', '2025-04-20 17:55:05'),
(260, 'https://media.istockphoto.com/id/577949148/photo/vintage-stylized-photo-of-paintbrushes-closeup-and-artist-palett.jpg?s=612x612&w=0&k=20&c=8fuPBz7S5wGDOMix0t0ubL0578WpIslf8INTDYBQU4Y=', 'Abstract expressions all day.', '2025-04-20 03:45:25'),
(261, 'https://media.gettyimages.com/id/1511069617/photo/women-hikers-embracing-the-untamed-beauty-of-tasmania-through-exhilarating-bushwalking.jpg?s=612x612&w=gi&k=20&c=HUbxqu5pJfMy2wBgHxctnYZUGjElM8Q9xva7v8AQvFI=', 'Rocky paths and rewarding views.', '2025-04-20 01:58:27'),
(262, 'https://cdn.pixabay.com/photo/2020/10/12/19/10/mountaineers-5649828_640.jpg', 'Chasing views and good vibes.', '2025-04-20 00:11:17'),
(263, 'https://static8.depositphotos.com/1437210/901/i/450/depositphotos_9015455-stock-photo-diving.jpg', 'Swim time = me time.', '2025-04-20 21:16:50'),
(264, 'https://thumbs.dreamstime.com/b/hikers-people-hiking-healthy-active-lifestyle-hiker-beautiful-mountain-nature-landscape-woman-men-37883423.jpg', 'Nature never goes out of style.', '2025-04-20 23:50:07'),
(265, 'https://media.istockphoto.com/id/1364551940/photo/happy-senior-woman-in-swimming-pool-leaning-on-edge.jpg?s=612x612&w=0&k=20&c=X-uvfEKk3K-A40ErGfeuaqK6B9fri6qJtsBhbNBBLiY=', 'Just keep swimming ', '2025-04-20 18:50:33'),
(266, 'https://images.unsplash.com/photo-1524594152303-9fd13543fe6e?fm=jpg&q=60&w=3000&ixlib=rb-4.0.3&ixid=M3wxMjA3fDB8MHxzZWFyY2h8Mnx8ZGFuY2UlMjBjbGFzc3xlbnwwfHwwfHx8MA%3D%3D', 'Every move is a mood.', '2025-04-20 11:36:16'),
(267, 'https://media.istockphoto.com/id/172339615/photo/swimmer.jpg?s=612x612&w=0&k=20&c=huApx630f-6OJcVLK3zqxQVM0iuqCh_tVMphK0JUoJk=', 'Making waves and memories.', '2025-04-20 18:39:43'),
(268, 'https://plus.unsplash.com/premium_photo-1706115464365-a82276f7e7b4?fm=jpg&q=60&w=3000&ixlib=rb-4.0.3&ixid=M3wxMjA3fDB8MHxzZWFyY2h8MXx8cG90dGVyeSUyMGNsYXNzfGVufDB8fDB8fHww', 'From lump to lovely.', '2025-04-20 16:11:09'),
(269, 'https://media.gettyimages.com/id/1094970614/photo/two-people-creating-pottery.jpg?s=612x612&w=gi&k=20&c=h_lsjGQJgf7qgoQD9Pkmmv5CjCqThgNP99i6mkVGTlY=', 'Forming art one spin at a time.', '2025-04-20 02:41:48'),
(270, 'https://media.gettyimages.com/id/1439309211/photo/middle-aged-people-in-a-pottery-class.jpg?s=612x612&w=gi&k=20&c=vZciZP0vwHTkE8cxIFFdvg-T2bbYeVBZAQf4qjLA3ts=', 'Pottery: where patience meets creativity.', '2025-04-20 04:59:46'),
(271, 'https://img3.stockfresh.com/files/l/len44ik/m/62/4566669_stock-photo-cute-little-girl-in-swimming-pool.jpg', 'Pool days are the best days.', '2025-04-20 12:39:27'),
(272, 'https://c8.alamy.com/comp/HNWFRN/mature-couple-with-teacher-in-pottery-class-HNWFRN.jpg', 'Forming art one spin at a time.', '2025-04-20 16:19:42'),
(273, 'https://previews.123rf.com/images/ftlaudgirl/ftlaudgirl1308/ftlaudgirl130800074/21383615-pretty-young-girl-swimming-to-bottom-of-pool.jpg', 'Freestyle kind of day.', '2025-04-20 22:01:54'),
(274, 'https://t3.ftcdn.net/jpg/01/01/35/48/360_F_101354877_HTDiO6GwD9xi62BOGKOGwZnEQBibbMlj.jpg', 'Pool days are the best days.', '2025-04-20 12:24:38'),
(275, 'https://previews.123rf.com/images/seventyfour74/seventyfour741903/seventyfour74190300485/118890802-pottery-class-for-kids.jpg', 'From lump to lovely.', '2025-04-20 09:44:44'),
(276, 'https://c8.alamy.com/comp/J55MW9/artistic-painter-looks-through-a-magnifying-glass-isolated-on-white-J55MW9.jpg', 'Every brushstroke tells a story.', '2025-04-20 12:22:59'),
(277, 'https://media.istockphoto.com/id/938119364/photo/woman-painting.jpg?s=612x612&w=0&k=20&c=JKFJGiLlrK9gHKvwxSXRFjYLnvg7ArZBZw8bP8s6RJ8=', 'Paint, sip, and relax.', '2025-04-20 11:30:28'),
(278, 'https://media.istockphoto.com/id/1132353492/photo/child-learning-to-swim-kids-in-swimming-pool.jpg?s=612x612&w=0&k=20&c=y6AWbZA5AOlVHXA7sO9uHfe5HDQp2z76ZvrU0spZWmw=', 'Swim, splash, smile.', '2025-04-20 18:25:35'),
(279, 'https://www.shutterstock.com/shutterstock/videos/3733028619/thumb/1.jpg?ip=x480', 'Masterpieces in progress.', '2025-04-20 20:14:10'),
(280, 'https://www.shutterstock.com/image-photo/group-kids-having-dance-class-600nw-2341798905.jpg', 'Dance like nobody''s watching.', '2025-04-20 10:09:22'),
(281, 'https://media.istockphoto.com/id/1304289911/photo/my-vision-of-female-face.jpg?s=612x612&w=0&k=20&c=PqJ9iL628RILnaVYcCWSFqLj4IxVR7826Lt9t8FknOo=', 'Masterpieces in progress.', '2025-04-20 04:33:51'),
(282, 'https://img3.stockfresh.com/files/l/len44ik/m/25/4571397_stock-photo-cute-little-girl-in-swimming-pool.jpg', 'Swim time = me time.', '2025-04-20 02:25:10'),
(283, 'https://images.pexels.com/photos/8036838/pexels-photo-8036838.jpeg?auto=compress&cs=tinysrgb&w=1260&h=750&dpr=1', 'Abstract expressions all day.', '2025-04-20 23:05:31'),
(284, 'https://media.istockphoto.com/id/636761588/photo/used-brushes-on-an-artists-palette-of-colorful-oil-paint.jpg?s=612x612&w=0&k=20&c=38YQxVJVWnNfvGtlb7AXMx_ItyHZMEdmWenNkWNQ91g=', 'Every brushstroke tells a story.', '2025-04-20 00:15:21'),
(285, 'https://www.stockvault.net/data/2016/08/18/207762/preview16.jpg', 'Wander often, wonder always.', '2025-04-20 15:55:58'),
(286, 'https://us.123rf.com/450wm/jackf/jackf2503/jackf250306418/243416121-girl-learn-to-dance-hip-hop-dances-doing-movement-with-unrecognizable-teacher.jpg?ver=6', 'Dance like nobody''s watching.', '2025-04-20 04:37:21'),
(287, 'https://t3.ftcdn.net/jpg/00/59/75/26/360_F_59752635_y1HkYJT4gsvGKOPBL8K8OQMwZbph0Tdo.jpg', 'Breaking a sweat, catching a beat.', '2025-04-20 21:28:48'),
(288, 'https://media.gettyimages.com/id/1321486723/photo/japanese-man-spending-weekend-morning-painting-in-his-bedroom-at-home.jpg?s=612x612&w=gi&k=20&c=3XJUvsdMrjmMgJTtSmoVgG29e7i1fNsRlHqLxFSuPHY=', 'Abstract expressions all day.', '2025-04-20 23:54:55'),
(289, 'https://images.stockcake.com/public/0/f/6/0f669c9b-b807-4509-9f6c-d1fa96551456_large/joyful-pottery-class-stockcake.jpg', 'Shaping memories from clay.', '2025-04-20 10:45:46'),
(290, 'https://images.stockcake.com/public/b/b/4/bb4f4881-8e82-4a0b-815c-ee9ec1f1f424_large/kids-creating-pottery-stockcake.jpg', 'Centering more than just clay today.', '2025-04-20 17:57:34'),
(291, 'https://previews.123rf.com/images/seventyfour74/seventyfour741903/seventyfour74190300485/118890802-pottery-class-for-kids.jpg', 'Pottery night success!', '2025-04-20 12:50:16'),
(292, 'https://t3.ftcdn.net/jpg/02/96/46/88/360_F_296468884_UczFBUvubhtA7zx73epphJ8vCgtkYx9s.jpg', 'One trail at a time.', '2025-04-20 09:48:25'),
(293, 'https://plus.unsplash.com/premium_photo-1661380954234-13d98a83577c?fm=jpg&q=60&w=3000&ixlib=rb-4.0.3&ixid=M3wxMjA3fDB8MHxzZWFyY2h8MXx8cG90dGVyeXxlbnwwfHwwfHx8MA%3D%3D', 'Pottery: where patience meets creativity.', '2025-04-20 10:13:58'),
(294, 'https://previews.123rf.com/images/serezniy/serezniy1809/serezniy180903599/109039515-little-girl-in-swimming-pool-on-sunny-day.jpg', 'Swim, splash, smile.', '2025-04-20 04:59:25'),
(295, 'https://previews.123rf.com/images/seventyfour74/seventyfour741903/seventyfour74190300485/118890802-pottery-class-for-kids.jpg', 'Just me and my wheel.', '2025-04-20 05:16:06'),
(296, 'https://media.gettyimages.com/id/1412636572/photo/two-young-women-friends-enjoying-hand-clay-molding-on-pottery-wheel-workshop.jpg?s=612x612&w=gi&k=20&c=J8s1Gb8HpxdvY1pJMZ-zukmre9frsyQljEkdNwBB-QM=', 'Forming art one spin at a time.', '2025-04-20 08:44:39'),
(297, 'https://www.stockvault.net/data/2016/02/23/184786/preview16.jpg', 'Hike more, worry less.', '2025-04-20 21:02:24'),
(298, 'https://media.gettyimages.com/id/1448500581/photo/portrait-of-a-senior-woman-dancing-with-her-friends-on-a-dance-hall.jpg?s=612x612&w=gi&k=20&c=FQvU7Ae64aMydHFHyM3MQHpnVhtAUytlWLmQIQM8lxE=', 'Dancing through life one class at a time.', '2025-04-20 13:00:00'),
(299, 'https://c8.alamy.com/comp/WXRA7G/senior-woman-spinning-clay-on-a-wheel-with-a-help-of-a-teacher-at-pottery-class-WXRA7G.jpg', 'Centering more than just clay today.', '2025-04-20 11:15:55'),
(300, 'https://c8.alamy.com/comp/M98819/austria-tyrol-young-man-hiking-in-the-mountains-M98819.jpg', 'Wander often, wonder always.', '2025-04-20 12:48:25'),
(301, 'https://media.istockphoto.com/id/468936082/photo/young-children-practicing-dance.jpg?s=612x612&w=0&k=20&c=AwIlkwCmxCXyJVZq-NML1J50iWg6jG0g2UNPzxKcRwg=', 'Finding rhythm in every step.', '2025-04-20 12:50:13'),
(302, 'https://media.gettyimages.com/id/1150320422/photo/couple-hiking-on-mountain-ridge-at-sunrise-smiling.jpg?s=612x612&w=gi&k=20&c=b7qXkdzv_4g1EzwFGrHzKmzZpLzD2yTwee-jbpbJBXA=', 'Rocky paths and rewarding views.', '2025-04-20 06:48:49'),
(303, 'https://media.gettyimages.com/id/947537080/photo/children-practicing-musical-theater-in-studio.jpg?s=612x612&w=gi&k=20&c=Ob2l3N0P1o8bgnYEwbztXr81u_kLu5NNrAOSKR1YOyE=', 'When in doubt, dance it out.', '2025-04-20 08:45:27'),
(304, 'https://media.istockphoto.com/id/483396427/photo/dance-fitness.jpg?s=612x612&w=0&k=20&c=muLXGopm5JdwVrf6dQgrkp3CoHJggjsjEKvmF7tsgwg=', 'When in doubt, dance it out.', '2025-04-20 23:04:07'),
(305, 'https://images.stockcake.com/public/f/5/d/f5dcba7e-e820-42bf-96d9-5111497c7e43_large/pottery-class-activity-stockcake.jpg', 'Forming art one spin at a time.', '2025-04-20 11:10:23'),
(306, 'https://images.pexels.com/photos/868097/pexels-photo-868097.jpeg?cs=srgb&dl=pexels-ozgomz-868097.jpg&fm=jpg', 'Every step is an adventure.', '2025-04-20 15:51:37'),
(307, 'https://media.gettyimages.com/id/1094970614/photo/two-people-creating-pottery.jpg?s=612x612&w=gi&k=20&c=h_lsjGQJgf7qgoQD9Pkmmv5CjCqThgNP99i6mkVGTlY=', 'Clay in motion, ideas in flow.', '2025-04-20 18:40:03'),
(308, 'https://thumbs.dreamstime.com/b/woman-swimming-underwater-pool-17601041.jpg', 'Diving into the deep end.', '2025-04-20 16:36:02'),
(309, 'https://thumbs.dreamstime.com/b/team-professional-painters-uniform-painting-white-wall-empty-room-paint-roller-building-contractors-doing-repair-345139541.jpg', 'Masterpieces in progress.', '2025-04-20 01:35:59'),
(310, 'https://t4.ftcdn.net/jpg/04/48/77/29/360_F_448772999_4KvKOwVaIEAtBPWdsDT39xX7Zyk0kTld.jpg', 'Caught in the moment of creativity.', '2025-04-20 07:49:22'),
(311, 'https://thumbs.dreamstime.com/b/woman-swimming-underwater-pool-17601041.jpg', 'Diving into the deep end.', '2025-04-20 19:51:29'),
(312, 'https://i0.wp.com/artinthebarn.life/wp-content/uploads/2024/06/mommy-and-me-stock-pottery-photo.jpg?fit=1178%2C1353&ssl=1', 'Just me and my wheel.', '2025-04-20 05:49:36'),
(313, 'https://images.stockcake.com/public/4/a/b/4abd173f-4c64-4b0e-b31c-208a8ab8f137_large/vibrant-dance-class-stockcake.jpg', 'Breaking a sweat, catching a beat.', '2025-04-20 11:58:20'),
(314, 'https://media.gettyimages.com/id/1361421117/photo/hiking-couple-climb-up-mountain-ridge.jpg?s=612x612&w=gi&k=20&c=LskoahH619_8rUOaUV55nULjSrqIHfcD5c6EDTWe5T4=', 'Trail time is the best time.', '2025-04-20 17:08:47'),
(315, 'https://media.gettyimages.com/id/103056384/photo/student-working-with-clay-in-classroom.jpg?s=612x612&w=gi&k=20&c=_UrNAWg3PhGWioU_JhSNjjU10ijZWPiKaty5GujdCYg=', 'Hands dirty, heart happy.', '2025-04-20 05:10:22'),
(316, 'https://plus.unsplash.com/premium_photo-1706115464365-a82276f7e7b4?fm=jpg&q=60&w=3000&ixlib=rb-4.0.3&ixid=M3wxMjA3fDB8MHxzZWFyY2h8MXx8cG90dGVyeSUyMGNsYXNzfGVufDB8fDB8fHww', 'Pottery: where patience meets creativity.', '2025-04-20 13:07:39'),
(317, 'https://t3.ftcdn.net/jpg/01/09/20/40/360_F_109204081_CvSWBmG5pRGDwIERPX0Uv97YSn7dTdoV.jpg', 'Rocky paths and rewarding views.', '2025-04-20 11:00:13'),
(318, 'https://burst.shopifycdn.com/photos/nature-photographer-in-california-mountains.jpg?width=1000&format=pjpg&exif=0&iptc=0', 'Found peace at the summit.', '2025-04-20 03:04:20'),
(319, 'https://static3.bigstockphoto.com/7/6/2/large1500/267125512.jpg', 'Just keep swimming ', '2025-04-20 02:51:52'),
(320, 'https://www.shutterstock.com/image-photo/group-boys-girls-teacher-doing-260nw-2472087871.jpg', 'Breaking a sweat, catching a beat.', '2025-04-20 07:35:14'),
(321, 'https://t3.ftcdn.net/jpg/01/43/77/72/360_F_143777213_rygDL4sjci25AbaufYjkMfsf4jAaAmar.jpg', 'Just keep swimming ', '2025-04-20 15:59:13'),
(322, 'https://as2.ftcdn.net/jpg/05/31/87/99/1000_F_531879934_Vn8FbIVgHNrqAQvPaqvfNzLPxO8rTHJx.jpg', 'Clay in motion, ideas in flow.', '2025-04-20 06:21:58'),
(323, 'https://www.shutterstock.com/shutterstock/photos/2253572431/display_1500/stock-photo-african-american-woman-artist-smiling-confident-drawing-at-art-studio-2253572431.jpg', 'Abstract expressions all day.', '2025-04-20 01:31:23'),
(324, 'https://media.istockphoto.com/id/172339615/photo/swimmer.jpg?s=612x612&w=0&k=20&c=huApx630f-6OJcVLK3zqxQVM0iuqCh_tVMphK0JUoJk=', 'Just keep swimming ', '2025-04-20 01:33:54'),
(325, 'https://thumbs.dreamstime.com/b/group-people-urban-dance-class-studio-69807147.jpg', 'When in doubt, dance it out.', '2025-04-20 01:34:49'),
(326, 'https://images.stockcake.com/public/e/f/0/ef0df416-e38e-40da-b559-34f47a53f691_large/kids-hiking-trail-stockcake.jpg', 'Peak moments and fresh air.', '2025-04-20 10:20:11'),
(327, 'https://c8.alamy.com/comp/2DC5H60/woman-dancing-actively-during-the-dance-class-2DC5H60.jpg', 'Finding rhythm in every step.', '2025-04-20 21:16:59'),
(328, 'https://cdn.pixabay.com/photo/2015/08/28/11/37/painting-911804_1280.jpg', 'Paint, sip, and relax.', '2025-04-20 00:34:23'),
(329, 'https://images.pexels.com/photos/1271619/pexels-photo-1271619.jpeg?cs=srgb&dl=pexels-andreimike-1271619.jpg&fm=jpg', 'Hike more, worry less.', '2025-04-20 03:47:58'),
(330, 'https://media.istockphoto.com/id/1072979420/photo/small-group-of-young-people-creating-pottery.jpg?s=612x612&w=0&k=20&c=ejsc3GybNj7T2NEHNMTTaOXlouKE--KCo72BuJikzKE=', 'From lump to lovely.', '2025-04-20 03:15:28'),
(331, 'https://thumbs.dreamstime.com/b/beautiful-young-woman-relaxing-painting-art-canvas-outdoors-her-garden-mindfulness-therapy-creativity-concept-222502033.jpg', 'Brushing up on my art skills ', '2025-04-20 02:17:02'),
(332, 'https://images.pexels.com/photos/1415810/pexels-photo-1415810.jpeg?auto=compress&cs=tinysrgb&dpr=1&w=500', 'Cool water, warm hearts.', '2025-04-20 07:01:47'),
(333, 'https://freerangestock.com/sample/131133/painting-with-brush-.jpg', 'Brushing up on my art skills ', '2025-04-20 00:13:06'),
(334, 'https://www.shutterstock.com/image-photo/positive-boy-exercising-group-classmates-260nw-2326511733.jpg', 'Twist, turn, and groove.', '2025-04-20 22:34:16'),
(335, 'https://previews.123rf.com/images/ftlaudgirl/ftlaudgirl1308/ftlaudgirl130800074/21383615-pretty-young-girl-swimming-to-bottom-of-pool.jpg', 'Just keep swimming ', '2025-04-20 22:02:44'),
(336, 'https://img3.stockfresh.com/files/l/len44ik/m/25/4571397_stock-photo-cute-little-girl-in-swimming-pool.jpg', 'Swim time = me time.', '2025-04-20 14:34:42'),
(337, 'https://t3.ftcdn.net/jpg/02/79/12/64/360_F_279126480_SnYLQ4giezvQntosGqijPxvwIcaHLQAe.jpg', 'Rocky paths and rewarding views.', '2025-04-20 20:08:28'),
(338, 'https://media.gettyimages.com/id/1150320422/photo/couple-hiking-on-mountain-ridge-at-sunrise-smiling.jpg?s=612x612&w=gi&k=20&c=b7qXkdzv_4g1EzwFGrHzKmzZpLzD2yTwee-jbpbJBXA=', 'One trail at a time.', '2025-04-20 17:31:46'),
(339, 'https://previews.123rf.com/images/jackf/jackf1811/jackf181104713/111663786-smiling-sporty-adults-of-different-ages-dancing-at-dance-class.jpg', 'Finding rhythm in every step.', '2025-04-20 03:28:03'),
(340, 'https://st.depositphotos.com/1637787/3445/i/950/depositphotos_34455477-stock-photo-happy-couple-hiking.jpg', 'Nature never goes out of style.', '2025-04-20 07:23:05'),
(341, 'https://media.gettyimages.com/id/1369654070/photo/young-couple-backpack-up-a-mountain-summit.jpg?s=612x612&w=gi&k=20&c=CkYYtk4qXsnqZ-b4hVk7ZIhxbu3Z9K7n6saxga0W99M=', 'Rocky paths and rewarding views.', '2025-04-20 02:05:55'),
(342, 'https://c8.alamy.com/comp/WXRA7G/senior-woman-spinning-clay-on-a-wheel-with-a-help-of-a-teacher-at-pottery-class-WXRA7G.jpg', 'Pottery night success!', '2025-04-20 19:14:10'),
(343, 'https://images.pexels.com/photos/1415810/pexels-photo-1415810.jpeg?auto=compress&cs=tinysrgb&dpr=1&w=500', 'Freestyle kind of day.', '2025-04-20 03:28:15'),
(344, 'https://st3.depositphotos.com/12982378/18168/i/1600/depositphotos_181685806-stock-photo-smiling-handsome-man-painting-wall.jpg', 'Canvas therapy session.', '2025-04-20 02:21:33'),
(345, 'https://media.istockphoto.com/id/1369171053/photo/group-of-sporty-people-walks-in-mountains-at-sunset-with-backpacks.jpg?s=612x612&w=0&k=20&c=ajQuWt2YRWd0FPaCpdKz2Tt3WX2NI1ddeZjf8HIxlwU=', 'One trail at a time.', '2025-04-20 18:06:14');

-- === POSTS ===
INSERT INTO posts (id, user_id, photo_id, title, body, created_at) VALUES
(1, 1, 1, 'Bowls, mugs, and a few laughs.', '', '2025-04-20 06:01:56'),
(2, 1, 2, 'Every move is a mood.', '', '2025-04-20 13:06:05'),
(3, 1, 3, 'Breaking a sweat, catching a beat.', '', '2025-04-20 07:27:42'),
(4, 1, 4, 'Learning new steps and loving it.', '', '2025-04-20 23:07:36'),
(5, 2, 5, 'Every step is an adventure.', '', '2025-04-20 12:40:26'),
(6, 2, 6, 'Underwater thoughts.', '', '2025-04-20 11:19:03'),
(7, 2, 7, 'Every step is an adventure.', '', '2025-04-20 04:18:56'),
(8, 2, 8, 'Underwater thoughts.', '', '2025-04-20 11:25:20'),
(9, 2, 9, 'From lump to lovely.', '', '2025-04-20 09:38:35'),
(10, 3, 10, 'Forming art one spin at a time.', '', '2025-04-20 19:07:50'),
(11, 3, 11, 'Centering more than just clay today.', '', '2025-04-20 01:35:51'),
(12, 3, 12, 'Found peace at the summit.', '', '2025-04-20 22:33:51'),
(13, 4, 13, 'Trail time is the best time.', '', '2025-04-20 07:10:24'),
(14, 4, 14, 'One trail at a time.', '', '2025-04-20 16:28:07'),
(15, 5, 15, 'Wander often, wonder always.', '', '2025-04-20 15:44:05'),
(16, 5, 16, 'Forming art one spin at a time.', '', '2025-04-20 01:40:07'),
(17, 5, 17, 'Centering more than just clay today.', '', '2025-04-20 11:11:18'),
(18, 5, 18, 'Every brushstroke tells a story.', '', '2025-04-20 19:15:47'),
(19, 6, 19, 'Rocky paths and rewarding views.', '', '2025-04-20 21:15:14'),
(20, 6, 20, 'Pool days are the best days.', '', '2025-04-20 17:45:09'),
(21, 6, 21, 'Pottery night success!', '', '2025-04-20 12:50:17'),
(22, 7, 22, 'Every move is a mood.', '', '2025-04-20 04:45:03'),
(23, 7, 23, 'Trail time is the best time.', '', '2025-04-20 02:51:19'),
(24, 7, 24, 'Canvas therapy session.', '', '2025-04-20 09:12:47'),
(25, 7, 25, 'Hike more, worry less.', '', '2025-04-20 15:32:55'),
(26, 8, 26, 'Clay in motion, ideas in flow.', '', '2025-04-20 15:39:13'),
(27, 8, 27, 'Dancing through life one class at a time.', '', '2025-04-20 02:02:14'),
(28, 8, 28, 'Making waves and memories.', '', '2025-04-20 02:29:26'),
(29, 8, 29, 'Caught in the moment of creativity.', '', '2025-04-20 23:26:16'),
(30, 9, 30, 'Caught in the moment of creativity.', '', '2025-04-20 17:37:27'),
(31, 9, 31, 'Swim, splash, smile.', '', '2025-04-20 20:07:39'),
(32, 9, 32, 'Finding rhythm in every step.', '', '2025-04-20 12:09:05'),
(33, 9, 33, 'Swim, splash, smile.', '', '2025-04-20 22:45:06'),
(34, 10, 34, 'Abstract expressions all day.', '', '2025-04-20 22:38:43'),
(35, 10, 35, 'Twist, turn, and groove.', '', '2025-04-20 19:39:34'),
(36, 10, 36, 'Pottery: where patience meets creativity.', '', '2025-04-20 15:55:41'),
(37, 10, 37, 'When in doubt, dance it out.', '', '2025-04-20 11:28:24'),
(38, 10, 38, 'Making waves and memories.', '', '2025-04-20 11:06:53'),
(39, 11, 39, 'Forming art one spin at a time.', '', '2025-04-20 13:50:34'),
(40, 11, 40, 'Every brushstroke tells a story.', '', '2025-04-20 08:37:06'),
(41, 11, 41, 'Underwater thoughts.', '', '2025-04-20 16:46:34'),
(42, 11, 42, 'Peak moments and fresh air.', '', '2025-04-20 10:01:12'),
(43, 11, 43, 'Swim time = me time.', '', '2025-04-20 14:09:15'),
(44, 12, 44, 'Every step is an adventure.', '', '2025-04-20 13:47:28'),
(45, 12, 45, 'Brushing up on my art skills ', '', '2025-04-20 04:08:20'),
(46, 12, 46, 'Every brushstroke tells a story.', '', '2025-04-20 17:54:00'),
(47, 13, 47, 'Every move is a mood.', '', '2025-04-20 10:04:36'),
(48, 13, 48, 'Centering more than just clay today.', '', '2025-04-20 05:33:13'),
(49, 13, 49, 'From lump to lovely.', '', '2025-04-20 23:27:20'),
(50, 14, 50, 'Hands dirty, heart happy.', '', '2025-04-20 00:34:36'),
(51, 14, 51, 'Every brushstroke tells a story.', '', '2025-04-20 02:55:29'),
(52, 15, 52, 'Freestyle kind of day.', '', '2025-04-20 00:45:33'),
(53, 15, 53, 'Caught in the moment of creativity.', '', '2025-04-20 08:37:50'),
(54, 15, 54, 'Paint, sip, and relax.', '', '2025-04-20 23:01:59'),
(55, 15, 55, 'Swim, splash, smile.', '', '2025-04-20 14:47:00'),
(56, 15, 56, 'When in doubt, dance it out.', '', '2025-04-20 00:54:44'),
(57, 16, 57, 'Finding rhythm in every step.', '', '2025-04-20 06:11:09'),
(58, 16, 58, 'Hike more, worry less.', '', '2025-04-20 10:53:45'),
(59, 16, 59, 'Brushing up on my art skills ', '', '2025-04-20 07:10:01'),
(60, 16, 60, 'Hike more, worry less.', '', '2025-04-20 20:01:35'),
(61, 16, 61, 'Floating my worries away.', '', '2025-04-20 08:56:22'),
(62, 17, 62, 'Cool water, warm hearts.', '', '2025-04-20 15:08:06'),
(63, 17, 63, 'Breaking a sweat, catching a beat.', '', '2025-04-20 17:13:28'),
(64, 18, 64, 'Nature never goes out of style.', '', '2025-04-20 23:38:48'),
(65, 18, 65, 'Masterpieces in progress.', '', '2025-04-20 21:07:40'),
(66, 18, 66, 'Pool days are the best days.', '', '2025-04-20 08:54:12'),
(67, 19, 67, 'Clay in motion, ideas in flow.', '', '2025-04-20 23:44:23'),
(68, 19, 68, 'Freestyle kind of day.', '', '2025-04-20 20:28:04'),
(69, 20, 69, 'Coloring outside the lines, literally.', '', '2025-04-20 15:05:06'),
(70, 20, 70, 'Dance like nobody''s watching.', '', '2025-04-20 01:24:28'),
(71, 20, 71, 'Finding rhythm in every step.', '', '2025-04-20 21:56:54'),
(72, 20, 72, 'Hike more, worry less.', '', '2025-04-20 01:57:05'),
(73, 21, 73, 'Swim, splash, smile.', '', '2025-04-20 14:27:40'),
(74, 21, 74, 'Pool days are the best days.', '', '2025-04-20 18:05:08'),
(75, 21, 75, 'Caught in the moment of creativity.', '', '2025-04-20 15:28:33'),
(76, 21, 76, 'Abstract expressions all day.', '', '2025-04-20 23:17:25'),
(77, 22, 77, 'Cool water, warm hearts.', '', '2025-04-20 02:55:42'),
(78, 22, 78, 'Caught in the moment of creativity.', '', '2025-04-20 15:54:15'),
(79, 22, 79, 'Rocky paths and rewarding views.', '', '2025-04-20 19:54:13'),
(80, 23, 80, 'Hike more, worry less.', '', '2025-04-20 11:42:06'),
(81, 23, 81, 'Studio vibes and good energy.', '', '2025-04-20 17:51:41'),
(82, 23, 82, 'Finding rhythm in every step.', '', '2025-04-20 13:08:08'),
(83, 23, 83, 'Bowls, mugs, and a few laughs.', '', '2025-04-20 07:52:02'),
(84, 24, 84, 'Hands dirty, heart happy.', '', '2025-04-20 02:15:15'),
(85, 24, 85, 'Cool water, warm hearts.', '', '2025-04-20 14:30:06'),
(86, 25, 86, 'Just keep swimming ', '', '2025-04-20 01:29:18'),
(87, 25, 87, 'Bowls, mugs, and a few laughs.', '', '2025-04-20 16:37:11'),
(88, 26, 88, 'When in doubt, dance it out.', '', '2025-04-20 22:22:51'),
(89, 26, 89, 'Underwater thoughts.', '', '2025-04-20 07:45:42'),
(90, 27, 90, 'Freestyle kind of day.', '', '2025-04-20 13:13:22'),
(91, 27, 91, 'Twist, turn, and groove.', '', '2025-04-20 05:19:16'),
(92, 28, 92, 'Every brushstroke tells a story.', '', '2025-04-20 05:57:50'),
(93, 28, 93, 'Caught in the moment of creativity.', '', '2025-04-20 09:39:32'),
(94, 29, 94, 'Pool days are the best days.', '', '2025-04-20 13:35:38'),
(95, 29, 95, 'Just me and my wheel.', '', '2025-04-20 21:50:54'),
(96, 29, 96, 'Freestyle kind of day.', '', '2025-04-20 03:07:22'),
(97, 29, 97, 'Finding rhythm in every step.', '', '2025-04-20 05:30:27'),
(98, 29, 98, 'One trail at a time.', '', '2025-04-20 05:17:11'),
(99, 30, 99, 'Caught in the moment of creativity.', '', '2025-04-20 00:04:57'),
(100, 30, 100, 'Hike more, worry less.', '', '2025-04-20 04:30:07'),
(101, 30, 101, 'Twist, turn, and groove.', '', '2025-04-20 02:17:30'),
(102, 31, 102, 'Just me and my wheel.', '', '2025-04-20 13:46:53'),
(103, 31, 103, 'Underwater thoughts.', '', '2025-04-20 06:44:15'),
(104, 31, 104, 'Breaking a sweat, catching a beat.', '', '2025-04-20 19:18:29'),
(105, 31, 105, 'Found peace at the summit.', '', '2025-04-20 03:39:23'),
(106, 31, 106, 'Breaking a sweat, catching a beat.', '', '2025-04-20 10:25:33'),
(107, 32, 107, 'Twist, turn, and groove.', '', '2025-04-20 15:18:31'),
(108, 32, 108, 'Dance like nobody''s watching.', '', '2025-04-20 03:14:10'),
(109, 32, 109, 'Pottery night success!', '', '2025-04-20 09:47:12'),
(110, 32, 110, 'Bowls, mugs, and a few laughs.', '', '2025-04-20 11:44:44'),
(111, 33, 111, 'Mixing colors and catching vibes.', '', '2025-04-20 18:09:20'),
(112, 33, 112, 'Hands dirty, heart happy.', '', '2025-04-20 21:53:40'),
(113, 34, 113, 'Pottery: where patience meets creativity.', '', '2025-04-20 16:01:06'),
(114, 34, 114, 'Rocky paths and rewarding views.', '', '2025-04-20 19:30:56'),
(115, 34, 115, 'Freestyle kind of day.', '', '2025-04-20 07:33:45'),
(116, 34, 116, 'Hands dirty, heart happy.', '', '2025-04-20 22:19:08'),
(117, 34, 117, 'Centering more than just clay today.', '', '2025-04-20 16:29:23'),
(118, 35, 118, 'Cool water, warm hearts.', '', '2025-04-20 14:07:53'),
(119, 35, 119, 'Coloring outside the lines, literally.', '', '2025-04-20 12:02:30'),
(120, 35, 120, 'Lost in the strokes.', '', '2025-04-20 20:40:18'),
(121, 36, 121, 'Centering more than just clay today.', '', '2025-04-20 03:39:20'),
(122, 36, 122, 'Hands dirty, heart happy.', '', '2025-04-20 12:40:15'),
(123, 36, 123, 'Diving into the deep end.', '', '2025-04-20 04:25:21'),
(124, 36, 124, 'Caught in the moment of creativity.', '', '2025-04-20 12:37:52'),
(125, 37, 125, 'Hands dirty, heart happy.', '', '2025-04-20 11:01:47'),
(126, 37, 126, 'Nature never goes out of style.', '', '2025-04-20 14:07:51'),
(127, 37, 127, 'Pottery: where patience meets creativity.', '', '2025-04-20 01:06:43'),
(128, 37, 128, 'Chasing views and good vibes.', '', '2025-04-20 08:32:04'),
(129, 37, 129, 'Coloring outside the lines, literally.', '', '2025-04-20 02:28:06'),
(130, 38, 130, 'Wander often, wonder always.', '', '2025-04-20 21:16:24'),
(131, 38, 131, 'From lump to lovely.', '', '2025-04-20 20:50:23'),
(132, 39, 132, 'Every brushstroke tells a story.', '', '2025-04-20 08:59:56'),
(133, 39, 133, 'When in doubt, dance it out.', '', '2025-04-20 11:02:56'),
(134, 39, 134, 'Feeling the beat from head to toe.', '', '2025-04-20 14:22:55'),
(135, 39, 135, 'Breaking a sweat, catching a beat.', '', '2025-04-20 01:09:14'),
(136, 40, 136, 'Rocky paths and rewarding views.', '', '2025-04-20 14:32:17'),
(137, 40, 137, 'Canvas therapy session.', '', '2025-04-20 23:02:47'),
(138, 40, 138, 'Nature never goes out of style.', '', '2025-04-20 18:50:50'),
(139, 40, 139, 'Abstract expressions all day.', '', '2025-04-20 21:38:10'),
(140, 40, 140, 'Hands dirty, heart happy.', '', '2025-04-20 16:25:39'),
(141, 41, 141, 'Trail time is the best time.', '', '2025-04-20 23:13:50'),
(142, 41, 142, 'Finding rhythm in every step.', '', '2025-04-20 01:00:12'),
(143, 41, 143, 'Learning new steps and loving it.', '', '2025-04-20 19:06:54'),
(144, 42, 144, 'Freestyle kind of day.', '', '2025-04-20 01:47:53'),
(145, 42, 145, 'Wander often, wonder always.', '', '2025-04-20 18:24:42'),
(146, 42, 146, 'Centering more than just clay today.', '', '2025-04-20 16:35:28'),
(147, 42, 147, 'When in doubt, dance it out.', '', '2025-04-20 18:58:53'),
(148, 42, 148, 'Every step is an adventure.', '', '2025-04-20 11:26:39'),
(149, 43, 149, 'Diving into the deep end.', '', '2025-04-20 21:07:08'),
(150, 43, 150, 'Hike more, worry less.', '', '2025-04-20 17:34:05'),
(151, 43, 151, 'Hands dirty, heart happy.', '', '2025-04-20 10:03:03'),
(152, 43, 152, 'Learning new steps and loving it.', '', '2025-04-20 17:08:45'),
(153, 43, 153, 'From lump to lovely.', '', '2025-04-20 19:39:59'),
(154, 44, 154, 'Clay in motion, ideas in flow.', '', '2025-04-20 15:10:18'),
(155, 44, 155, 'Making waves and memories.', '', '2025-04-20 12:22:40'),
(156, 44, 156, 'Wander often, wonder always.', '', '2025-04-20 12:30:15'),
(157, 44, 157, 'Wander often, wonder always.', '', '2025-04-20 08:56:41'),
(158, 44, 158, 'Masterpieces in progress.', '', '2025-04-20 06:10:20'),
(159, 45, 159, 'Paint, sip, and relax.', '', '2025-04-20 18:03:59'),
(160, 45, 160, 'Every move is a mood.', '', '2025-04-20 01:13:20'),
(161, 45, 161, 'Bowls, mugs, and a few laughs.', '', '2025-04-20 08:22:51'),
(162, 45, 162, 'Caught in the moment of creativity.', '', '2025-04-20 21:15:18'),
(163, 45, 163, 'Swim time = me time.', '', '2025-04-20 01:16:45'),
(164, 46, 164, 'Masterpieces in progress.', '', '2025-04-20 20:42:52'),
(165, 46, 165, 'Every step is an adventure.', '', '2025-04-20 17:47:11'),
(166, 47, 166, 'Coloring outside the lines, literally.', '', '2025-04-20 11:50:06'),
(167, 47, 167, 'Pottery night success!', '', '2025-04-20 19:35:21'),
(168, 48, 168, 'Every move is a mood.', '', '2025-04-20 09:20:25'),
(169, 48, 169, 'One trail at a time.', '', '2025-04-20 04:10:02'),
(170, 48, 170, 'Every step is an adventure.', '', '2025-04-20 10:13:04'),
(171, 48, 171, 'Breaking a sweat, catching a beat.', '', '2025-04-20 04:35:42'),
(172, 49, 172, 'Lost in the strokes.', '', '2025-04-20 03:31:20'),
(173, 49, 173, 'Pottery night success!', '', '2025-04-20 22:46:43'),
(174, 49, 174, 'When in doubt, dance it out.', '', '2025-04-20 06:06:47'),
(175, 50, 175, 'Centering more than just clay today.', '', '2025-04-20 15:37:59'),
(176, 50, 176, 'Rocky paths and rewarding views.', '', '2025-04-20 07:01:18'),
(177, 50, 177, 'Dance like nobody''s watching.', '', '2025-04-20 09:37:53'),
(178, 50, 178, 'Freestyle kind of day.', '', '2025-04-20 20:18:26'),
(179, 51, 179, 'Brushing up on my art skills ', '', '2025-04-20 19:04:29'),
(180, 51, 180, 'Dance like nobody''s watching.', '', '2025-04-20 04:42:03'),
(181, 51, 181, 'Freestyle kind of day.', '', '2025-04-20 15:58:23'),
(182, 51, 182, 'Pottery night success!', '', '2025-04-20 10:26:43'),
(183, 52, 183, 'Trail time is the best time.', '', '2025-04-20 22:15:01'),
(184, 52, 184, 'Dance like nobody''s watching.', '', '2025-04-20 02:48:36'),
(185, 52, 185, 'Breaking a sweat, catching a beat.', '', '2025-04-20 05:09:52'),
(186, 52, 186, 'Feeling the beat from head to toe.', '', '2025-04-20 06:09:32'),
(187, 53, 187, 'Freestyle kind of day.', '', '2025-04-20 06:43:50'),
(188, 53, 188, 'Breaking a sweat, catching a beat.', '', '2025-04-20 11:44:15'),
(189, 53, 189, 'Pottery night success!', '', '2025-04-20 13:31:24'),
(190, 53, 190, 'Cool water, warm hearts.', '', '2025-04-20 23:19:15'),
(191, 54, 191, 'Freestyle kind of day.', '', '2025-04-20 08:25:34'),
(192, 54, 192, 'Mixing colors and catching vibes.', '', '2025-04-20 12:59:00'),
(193, 54, 193, 'Studio vibes and good energy.', '', '2025-04-20 10:54:17'),
(194, 54, 194, 'Shaping memories from clay.', '', '2025-04-20 14:45:03'),
(195, 55, 195, 'Finding rhythm in every step.', '', '2025-04-20 11:54:50'),
(196, 55, 196, 'Trail time is the best time.', '', '2025-04-20 11:38:47'),
(197, 56, 197, 'Breaking a sweat, catching a beat.', '', '2025-04-20 22:53:12'),
(198, 56, 198, 'Abstract expressions all day.', '', '2025-04-20 18:29:57'),
(199, 57, 199, 'Making waves and memories.', '', '2025-04-20 20:14:57'),
(200, 57, 200, 'Learning new steps and loving it.', '', '2025-04-20 08:27:58'),
(201, 57, 201, 'Abstract expressions all day.', '', '2025-04-20 20:55:39'),
(202, 58, 202, 'Lost in the strokes.', '', '2025-04-20 12:09:38'),
(203, 58, 203, 'Hike more, worry less.', '', '2025-04-20 04:01:18'),
(204, 58, 204, 'Pottery night success!', '', '2025-04-20 01:19:11'),
(205, 58, 205, 'Freestyle kind of day.', '', '2025-04-20 15:14:45'),
(206, 59, 206, 'Studio vibes and good energy.', '', '2025-04-20 04:38:51'),
(207, 59, 207, 'Swim, splash, smile.', '', '2025-04-20 15:32:18'),
(208, 59, 208, 'Hands dirty, heart happy.', '', '2025-04-20 12:20:43'),
(209, 59, 209, 'Underwater thoughts.', '', '2025-04-20 13:55:47'),
(210, 60, 210, 'Just keep swimming ', '', '2025-04-20 18:04:57'),
(211, 60, 211, 'Learning new steps and loving it.', '', '2025-04-20 12:28:26'),
(212, 60, 212, 'Pottery: where patience meets creativity.', '', '2025-04-20 08:06:24'),
(213, 60, 213, 'Floating my worries away.', '', '2025-04-20 19:11:26'),
(214, 61, 214, 'Rocky paths and rewarding views.', '', '2025-04-20 07:43:26'),
(215, 61, 215, 'Swim, splash, smile.', '', '2025-04-20 16:26:41'),
(216, 62, 216, 'Brushing up on my art skills ', '', '2025-04-20 19:58:09'),
(217, 62, 217, 'Trail time is the best time.', '', '2025-04-20 08:14:34'),
(218, 62, 218, 'Hands dirty, heart happy.', '', '2025-04-20 04:42:09'),
(219, 62, 219, 'Every step is an adventure.', '', '2025-04-20 21:17:57'),
(220, 63, 220, 'Pottery: where patience meets creativity.', '', '2025-04-20 09:31:26'),
(221, 63, 221, 'Clay in motion, ideas in flow.', '', '2025-04-20 05:12:10'),
(222, 63, 222, 'Hands dirty, heart happy.', '', '2025-04-20 00:28:17'),
(223, 63, 223, 'Canvas therapy session.', '', '2025-04-20 19:22:29'),
(224, 64, 224, 'Rocky paths and rewarding views.', '', '2025-04-20 18:10:34'),
(225, 64, 225, 'Underwater thoughts.', '', '2025-04-20 20:03:24'),
(226, 64, 226, 'Centering more than just clay today.', '', '2025-04-20 12:12:22'),
(227, 64, 227, 'Abstract expressions all day.', '', '2025-04-20 07:09:51'),
(228, 65, 228, 'Coloring outside the lines, literally.', '', '2025-04-20 19:40:41'),
(229, 65, 229, 'Nature never goes out of style.', '', '2025-04-20 14:56:57'),
(230, 66, 230, 'Brushing up on my art skills ', '', '2025-04-20 01:17:00'),
(231, 66, 231, 'Abstract expressions all day.', '', '2025-04-20 07:45:11'),
(232, 67, 232, 'Hike more, worry less.', '', '2025-04-20 08:04:20'),
(233, 67, 233, 'Every brushstroke tells a story.', '', '2025-04-20 13:15:23'),
(234, 67, 234, 'Breaking a sweat, catching a beat.', '', '2025-04-20 17:19:37'),
(235, 67, 235, 'Breaking a sweat, catching a beat.', '', '2025-04-20 02:23:03'),
(236, 67, 236, 'Underwater thoughts.', '', '2025-04-20 02:59:37'),
(237, 68, 237, 'From lump to lovely.', '', '2025-04-20 22:53:29'),
(238, 68, 238, 'From lump to lovely.', '', '2025-04-20 06:00:36'),
(239, 69, 239, 'From lump to lovely.', '', '2025-04-20 10:03:14'),
(240, 69, 240, 'Every step is an adventure.', '', '2025-04-20 07:54:31'),
(241, 69, 241, 'Every move is a mood.', '', '2025-04-20 22:05:57'),
(242, 69, 242, 'Trail time is the best time.', '', '2025-04-20 07:59:37'),
(243, 69, 243, 'Breaking a sweat, catching a beat.', '', '2025-04-20 10:56:22'),
(244, 70, 244, 'Floating my worries away.', '', '2025-04-20 18:02:45'),
(245, 70, 245, 'Dance like nobody''s watching.', '', '2025-04-20 04:48:57'),
(246, 70, 246, 'Brushing up on my art skills ', '', '2025-04-20 13:41:07'),
(247, 71, 247, 'Coloring outside the lines, literally.', '', '2025-04-20 09:31:10'),
(248, 71, 248, 'Shaping memories from clay.', '', '2025-04-20 08:52:38'),
(249, 72, 249, 'Swim time = me time.', '', '2025-04-20 01:52:01'),
(250, 72, 250, 'Finding rhythm in every step.', '', '2025-04-20 17:12:17'),
(251, 72, 251, 'Wander often, wonder always.', '', '2025-04-20 14:34:46'),
(252, 72, 252, 'Diving into the deep end.', '', '2025-04-20 03:31:11'),
(253, 73, 253, 'Dance like nobody''s watching.', '', '2025-04-20 02:39:07'),
(254, 73, 254, 'Learning new steps and loving it.', '', '2025-04-20 09:54:00'),
(255, 73, 255, 'Finding rhythm in every step.', '', '2025-04-20 14:06:15'),
(256, 73, 256, 'Masterpieces in progress.', '', '2025-04-20 07:21:20'),
(257, 74, 257, 'Hike more, worry less.', '', '2025-04-20 19:30:41'),
(258, 74, 258, 'Learning new steps and loving it.', '', '2025-04-20 12:07:46'),
(259, 75, 259, 'Canvas therapy session.', '', '2025-04-20 17:55:05'),
(260, 75, 260, 'Abstract expressions all day.', '', '2025-04-20 03:45:25'),
(261, 75, 261, 'Rocky paths and rewarding views.', '', '2025-04-20 01:58:27'),
(262, 76, 262, 'Chasing views and good vibes.', '', '2025-04-20 00:11:17'),
(263, 76, 263, 'Swim time = me time.', '', '2025-04-20 21:16:50'),
(264, 76, 264, 'Nature never goes out of style.', '', '2025-04-20 23:50:07'),
(265, 76, 265, 'Just keep swimming ', '', '2025-04-20 18:50:33'),
(266, 76, 266, 'Every move is a mood.', '', '2025-04-20 11:36:16'),
(267, 77, 267, 'Making waves and memories.', '', '2025-04-20 18:39:43'),
(268, 77, 268, 'From lump to lovely.', '', '2025-04-20 16:11:09'),
(269, 77, 269, 'Forming art one spin at a time.', '', '2025-04-20 02:41:48'),
(270, 78, 270, 'Pottery: where patience meets creativity.', '', '2025-04-20 04:59:46'),
(271, 78, 271, 'Pool days are the best days.', '', '2025-04-20 12:39:27'),
(272, 79, 272, 'Forming art one spin at a time.', '', '2025-04-20 16:19:42'),
(273, 79, 273, 'Freestyle kind of day.', '', '2025-04-20 22:01:54'),
(274, 80, 274, 'Pool days are the best days.', '', '2025-04-20 12:24:38'),
(275, 80, 275, 'From lump to lovely.', '', '2025-04-20 09:44:44'),
(276, 80, 276, 'Every brushstroke tells a story.', '', '2025-04-20 12:22:59'),
(277, 80, 277, 'Paint, sip, and relax.', '', '2025-04-20 11:30:28'),
(278, 81, 278, 'Swim, splash, smile.', '', '2025-04-20 18:25:35'),
(279, 81, 279, 'Masterpieces in progress.', '', '2025-04-20 20:14:10'),
(280, 81, 280, 'Dance like nobody''s watching.', '', '2025-04-20 10:09:22'),
(281, 81, 281, 'Masterpieces in progress.', '', '2025-04-20 04:33:51'),
(282, 81, 282, 'Swim time = me time.', '', '2025-04-20 02:25:10'),
(283, 82, 283, 'Abstract expressions all day.', '', '2025-04-20 23:05:31'),
(284, 82, 284, 'Every brushstroke tells a story.', '', '2025-04-20 00:15:21'),
(285, 82, 285, 'Wander often, wonder always.', '', '2025-04-20 15:55:58'),
(286, 82, 286, 'Dance like nobody''s watching.', '', '2025-04-20 04:37:21'),
(287, 82, 287, 'Breaking a sweat, catching a beat.', '', '2025-04-20 21:28:48'),
(288, 83, 288, 'Abstract expressions all day.', '', '2025-04-20 23:54:55'),
(289, 83, 289, 'Shaping memories from clay.', '', '2025-04-20 10:45:46'),
(290, 83, 290, 'Centering more than just clay today.', '', '2025-04-20 17:57:34'),
(291, 83, 291, 'Pottery night success!', '', '2025-04-20 12:50:16'),
(292, 84, 292, 'One trail at a time.', '', '2025-04-20 09:48:25'),
(293, 84, 293, 'Pottery: where patience meets creativity.', '', '2025-04-20 10:13:58'),
(294, 84, 294, 'Swim, splash, smile.', '', '2025-04-20 04:59:25'),
(295, 84, 295, 'Just me and my wheel.', '', '2025-04-20 05:16:06'),
(296, 85, 296, 'Forming art one spin at a time.', '', '2025-04-20 08:44:39'),
(297, 85, 297, 'Hike more, worry less.', '', '2025-04-20 21:02:24'),
(298, 85, 298, 'Dancing through life one class at a time.', '', '2025-04-20 13:00:00'),
(299, 86, 299, 'Centering more than just clay today.', '', '2025-04-20 11:15:55'),
(300, 86, 300, 'Wander often, wonder always.', '', '2025-04-20 12:48:25'),
(301, 86, 301, 'Finding rhythm in every step.', '', '2025-04-20 12:50:13'),
(302, 87, 302, 'Rocky paths and rewarding views.', '', '2025-04-20 06:48:49'),
(303, 87, 303, 'When in doubt, dance it out.', '', '2025-04-20 08:45:27'),
(304, 87, 304, 'When in doubt, dance it out.', '', '2025-04-20 23:04:07'),
(305, 88, 305, 'Forming art one spin at a time.', '', '2025-04-20 11:10:23'),
(306, 88, 306, 'Every step is an adventure.', '', '2025-04-20 15:51:37'),
(307, 89, 307, 'Clay in motion, ideas in flow.', '', '2025-04-20 18:40:03'),
(308, 89, 308, 'Diving into the deep end.', '', '2025-04-20 16:36:02'),
(309, 90, 309, 'Masterpieces in progress.', '', '2025-04-20 01:35:59'),
(310, 90, 310, 'Caught in the moment of creativity.', '', '2025-04-20 07:49:22'),
(311, 91, 311, 'Diving into the deep end.', '', '2025-04-20 19:51:29'),
(312, 91, 312, 'Just me and my wheel.', '', '2025-04-20 05:49:36'),
(313, 92, 313, 'Breaking a sweat, catching a beat.', '', '2025-04-20 11:58:20'),
(314, 92, 314, 'Trail time is the best time.', '', '2025-04-20 17:08:47'),
(315, 92, 315, 'Hands dirty, heart happy.', '', '2025-04-20 05:10:22'),
(316, 92, 316, 'Pottery: where patience meets creativity.', '', '2025-04-20 13:07:39'),
(317, 92, 317, 'Rocky paths and rewarding views.', '', '2025-04-20 11:00:13'),
(318, 93, 318, 'Found peace at the summit.', '', '2025-04-20 03:04:20'),
(319, 93, 319, 'Just keep swimming ', '', '2025-04-20 02:51:52'),
(320, 93, 320, 'Breaking a sweat, catching a beat.', '', '2025-04-20 07:35:14'),
(321, 93, 321, 'Just keep swimming ', '', '2025-04-20 15:59:13'),
(322, 93, 322, 'Clay in motion, ideas in flow.', '', '2025-04-20 06:21:58'),
(323, 94, 323, 'Abstract expressions all day.', '', '2025-04-20 01:31:23'),
(324, 94, 324, 'Just keep swimming ', '', '2025-04-20 01:33:54'),
(325, 94, 325, 'When in doubt, dance it out.', '', '2025-04-20 01:34:49'),
(326, 94, 326, 'Peak moments and fresh air.', '', '2025-04-20 10:20:11'),
(327, 94, 327, 'Finding rhythm in every step.', '', '2025-04-20 21:16:59'),
(328, 95, 328, 'Paint, sip, and relax.', '', '2025-04-20 00:34:23'),
(329, 95, 329, 'Hike more, worry less.', '', '2025-04-20 03:47:58'),
(330, 95, 330, 'From lump to lovely.', '', '2025-04-20 03:15:28'),
(331, 96, 331, 'Brushing up on my art skills ', '', '2025-04-20 02:17:02'),
(332, 96, 332, 'Cool water, warm hearts.', '', '2025-04-20 07:01:47'),
(333, 96, 333, 'Brushing up on my art skills ', '', '2025-04-20 00:13:06'),
(334, 97, 334, 'Twist, turn, and groove.', '', '2025-04-20 22:34:16'),
(335, 97, 335, 'Just keep swimming ', '', '2025-04-20 22:02:44'),
(336, 97, 336, 'Swim time = me time.', '', '2025-04-20 14:34:42'),
(337, 98, 337, 'Rocky paths and rewarding views.', '', '2025-04-20 20:08:28'),
(338, 98, 338, 'One trail at a time.', '', '2025-04-20 17:31:46'),
(339, 99, 339, 'Finding rhythm in every step.', '', '2025-04-20 03:28:03'),
(340, 99, 340, 'Nature never goes out of style.', '', '2025-04-20 07:23:05'),
(341, 99, 341, 'Rocky paths and rewarding views.', '', '2025-04-20 02:05:55'),
(342, 99, 342, 'Pottery night success!', '', '2025-04-20 19:14:10'),
(343, 99, 343, 'Freestyle kind of day.', '', '2025-04-20 03:28:15'),
(344, 100, 344, 'Canvas therapy session.', '', '2025-04-20 02:21:33'),
(345, 100, 345, 'One trail at a time.', '', '2025-04-20 18:06:14');

-- === FRIENDS ===
INSERT INTO friends (user_id, friend_id) VALUES
(1, 3),
(1, 16),
(1, 35),
(1, 41),
(1, 43),
(1, 46),
(1, 47),
(1, 63),
(1, 77),
(1, 82),
(1, 83),
(1, 84),
(1, 85),
(1, 86),
(1, 93),
(2, 7),
(2, 8),
(2, 11),
(2, 18),
(2, 20),
(2, 23),
(2, 38),
(2, 45),
(2, 47),
(2, 50),
(2, 56),
(2, 57),
(2, 61),
(2, 73),
(2, 74),
(2, 88),
(3, 16),
(3, 18),
(3, 22),
(3, 25),
(3, 32),
(3, 39),
(3, 66),
(3, 69),
(3, 75),
(3, 82),
(4, 16),
(4, 38),
(4, 44),
(4, 49),
(4, 61),
(4, 62),
(4, 69),
(4, 73),
(4, 92),
(4, 95),
(4, 97),
(4, 98),
(5, 17),
(5, 43),
(5, 55),
(5, 62),
(5, 74),
(5, 76),
(5, 84),
(5, 89),
(5, 94),
(6, 15),
(6, 36),
(6, 38),
(6, 44),
(6, 47),
(6, 58),
(6, 59),
(6, 62),
(6, 64),
(6, 65),
(6, 77),
(6, 85),
(6, 92),
(6, 95),
(7, 9),
(7, 10),
(7, 29),
(7, 34),
(7, 41),
(7, 43),
(7, 47),
(7, 70),
(7, 82),
(7, 94),
(7, 97),
(7, 99),
(8, 16),
(8, 36),
(8, 37),
(8, 43),
(8, 47),
(8, 50),
(8, 57),
(8, 64),
(8, 72),
(8, 75),
(8, 83),
(8, 85),
(8, 94),
(8, 96),
(8, 98),
(8, 100),
(9, 32),
(9, 33),
(9, 35),
(9, 36),
(9, 55),
(9, 61),
(9, 62),
(9, 65),
(9, 73),
(9, 80),
(9, 83),
(9, 92),
(9, 93),
(9, 95),
(9, 96),
(10, 13),
(10, 16),
(10, 21),
(10, 22),
(10, 25),
(10, 40),
(10, 42),
(10, 45),
(10, 47),
(10, 57),
(10, 65),
(10, 67),
(10, 73),
(10, 80),
(10, 82),
(10, 95),
(10, 99),
(11, 19),
(11, 21),
(11, 27),
(11, 39),
(11, 41),
(11, 54),
(11, 56),
(11, 66),
(11, 67),
(11, 71),
(11, 87),
(11, 90),
(11, 92),
(11, 100),
(12, 18),
(12, 22),
(12, 23),
(12, 27),
(12, 31),
(12, 32),
(12, 52),
(12, 59),
(12, 65),
(12, 69),
(12, 73),
(12, 78),
(12, 87),
(12, 90),
(12, 91),
(12, 93),
(12, 99),
(13, 21),
(13, 31),
(13, 35),
(13, 46),
(13, 47),
(13, 50),
(13, 64),
(13, 86),
(13, 87),
(13, 91),
(14, 28),
(14, 35),
(14, 56),
(14, 59),
(14, 66),
(14, 80),
(14, 81),
(14, 99),
(15, 32),
(15, 34),
(15, 40),
(15, 41),
(15, 45),
(15, 49),
(15, 54),
(15, 57),
(15, 70),
(15, 90),
(15, 93),
(15, 98),
(16, 25),
(16, 35),
(16, 37),
(16, 46),
(16, 61),
(16, 63),
(16, 64),
(16, 69),
(16, 89),
(17, 30),
(17, 36),
(17, 42),
(17, 44),
(17, 51),
(17, 55),
(17, 57),
(17, 63),
(17, 68),
(17, 73),
(17, 78),
(17, 79),
(17, 86),
(17, 89),
(18, 23),
(18, 26),
(18, 27),
(18, 35),
(18, 43),
(18, 46),
(18, 63),
(18, 69),
(18, 70),
(18, 73),
(18, 75),
(19, 35),
(19, 42),
(19, 45),
(19, 47),
(19, 82),
(19, 95),
(20, 21),
(20, 31),
(20, 35),
(20, 48),
(20, 63),
(20, 80),
(21, 27),
(21, 50),
(21, 53),
(21, 57),
(21, 60),
(21, 61),
(21, 79),
(21, 93),
(21, 100),
(22, 40),
(22, 47),
(22, 55),
(22, 71),
(22, 72),
(22, 88),
(22, 97),
(22, 98),
(23, 29),
(23, 31),
(23, 37),
(23, 38),
(23, 76),
(23, 84),
(23, 85),
(23, 87),
(23, 95),
(23, 97),
(23, 99),
(24, 26),
(24, 30),
(24, 37),
(24, 43),
(24, 45),
(24, 53),
(24, 54),
(24, 56),
(24, 66),
(24, 75),
(24, 84),
(24, 92),
(24, 97),
(24, 98),
(25, 32),
(25, 55),
(25, 67),
(25, 71),
(25, 75),
(26, 35),
(26, 39),
(26, 46),
(26, 64),
(26, 93),
(26, 98),
(27, 59),
(27, 65),
(27, 73),
(27, 95),
(28, 53),
(28, 65),
(28, 76),
(28, 88),
(29, 31),
(29, 34),
(29, 36),
(29, 50),
(29, 60),
(29, 83),
(29, 90),
(30, 34),
(30, 36),
(30, 38),
(30, 50),
(30, 53),
(30, 55),
(30, 63),
(30, 68),
(30, 84),
(30, 87),
(30, 91),
(31, 40),
(31, 45),
(31, 54),
(31, 64),
(31, 65),
(31, 67),
(31, 81),
(31, 82),
(31, 85),
(31, 98),
(32, 35),
(32, 55),
(32, 60),
(32, 61),
(32, 70),
(32, 81),
(32, 96),
(32, 97),
(32, 99),
(33, 35),
(33, 47),
(33, 62),
(33, 64),
(33, 71),
(33, 81),
(33, 93),
(33, 97),
(33, 100),
(34, 35),
(34, 41),
(34, 45),
(34, 46),
(34, 47),
(34, 72),
(34, 74),
(34, 79),
(34, 81),
(34, 99),
(35, 56),
(35, 59),
(35, 63),
(35, 78),
(35, 82),
(35, 100),
(36, 47),
(36, 57),
(36, 70),
(36, 73),
(36, 82),
(36, 85),
(36, 92),
(36, 93),
(36, 95),
(36, 100),
(37, 43),
(37, 60),
(37, 73),
(37, 74),
(37, 83),
(37, 95),
(37, 99),
(38, 45),
(38, 57),
(38, 70),
(38, 73),
(38, 80),
(38, 96),
(39, 45),
(39, 56),
(39, 59),
(39, 74),
(40, 42),
(40, 44),
(40, 47),
(40, 63),
(40, 67),
(40, 70),
(40, 78),
(40, 84),
(40, 91),
(40, 94),
(40, 99),
(41, 42),
(41, 44),
(41, 55),
(41, 56),
(41, 57),
(41, 58),
(41, 69),
(41, 70),
(41, 73),
(41, 76),
(41, 80),
(42, 43),
(42, 44),
(42, 45),
(42, 66),
(42, 76),
(42, 82),
(42, 84),
(42, 87),
(42, 96),
(43, 49),
(43, 66),
(43, 72),
(43, 80),
(43, 88),
(43, 89),
(43, 97),
(44, 52),
(44, 65),
(44, 70),
(44, 72),
(44, 89),
(44, 99),
(45, 48),
(45, 98),
(46, 55),
(46, 56),
(46, 64),
(46, 68),
(46, 72),
(46, 77),
(46, 78),
(46, 80),
(46, 82),
(46, 84),
(46, 88),
(46, 98),
(47, 49),
(47, 53),
(47, 58),
(47, 63),
(47, 86),
(48, 54),
(48, 61),
(48, 75),
(48, 77),
(48, 89),
(49, 55),
(49, 59),
(49, 74),
(49, 78),
(49, 90),
(49, 91),
(49, 95),
(49, 96),
(50, 51),
(50, 52),
(50, 77),
(50, 82),
(50, 87),
(50, 92),
(50, 95),
(51, 63),
(51, 64),
(51, 75),
(51, 86),
(51, 88),
(52, 55),
(52, 68),
(52, 73),
(52, 79),
(53, 77),
(53, 92),
(54, 57),
(54, 67),
(54, 76),
(54, 92),
(55, 56),
(55, 63),
(55, 81),
(55, 88),
(55, 99),
(56, 67),
(56, 74),
(56, 83),
(56, 92),
(56, 93),
(56, 94),
(56, 98),
(57, 59),
(57, 62),
(57, 67),
(57, 69),
(57, 80),
(57, 90),
(57, 98),
(58, 67),
(58, 72),
(58, 73),
(58, 91),
(58, 100),
(59, 64),
(59, 89),
(59, 91),
(60, 68),
(60, 82),
(60, 92),
(61, 62),
(61, 73),
(61, 78),
(61, 92),
(61, 95),
(62, 74),
(62, 77),
(62, 79),
(62, 81),
(62, 85),
(62, 87),
(62, 89),
(62, 90),
(62, 97),
(63, 71),
(63, 75),
(63, 78),
(63, 82),
(63, 84),
(63, 89),
(64, 67),
(64, 69),
(64, 84),
(64, 92),
(65, 69),
(65, 73),
(65, 79),
(65, 88),
(65, 94),
(66, 67),
(66, 76),
(66, 94),
(66, 97),
(67, 74),
(67, 77),
(67, 79),
(68, 69),
(68, 89),
(69, 94),
(70, 77),
(70, 85),
(70, 98),
(70, 100),
(71, 76),
(71, 79),
(71, 83),
(71, 85),
(71, 88),
(71, 92),
(71, 95),
(72, 73),
(72, 75),
(72, 79),
(73, 78),
(73, 85),
(73, 88),
(73, 94),
(74, 82),
(75, 80),
(75, 91),
(75, 98),
(76, 79),
(76, 81),
(76, 82),
(76, 85),
(76, 92),
(76, 94),
(76, 97),
(77, 82),
(77, 92),
(78, 81),
(78, 95),
(79, 80),
(79, 82),
(80, 93),
(80, 98),
(81, 90),
(81, 97),
(82, 83),
(82, 89),
(82, 98),
(83, 87),
(83, 93),
(83, 94),
(83, 96),
(84, 86),
(84, 92),
(84, 98),
(84, 100),
(85, 86),
(85, 87),
(85, 99),
(85, 100),
(86, 91),
(86, 92),
(87, 89),
(87, 96),
(87, 100),
(88, 93),
(88, 98),
(89, 94),
(90, 92),
(90, 98),
(93, 94),
(95, 99),
(95, 100),
(98, 100);

-- === MATCHES ===
INSERT INTO matches (user_id, matched_user_id, matched_at) VALUES
(1, 83, '2025-04-20 05:35:10'),
(1, 35, '2025-04-20 21:04:40'),
(2, 94, '2025-04-20 19:11:11'),
(2, 44, '2025-04-20 16:09:47'),
(3, 64, '2025-04-20 21:34:23'),
(3, 39, '2025-04-20 08:11:24'),
(4, 36, '2025-04-20 08:23:40'),
(4, 67, '2025-04-20 12:16:22'),
(4, 8, '2025-04-20 08:20:08'),
(5, 47, '2025-04-20 00:55:30'),
(5, 81, '2025-04-20 02:43:29'),
(5, 6, '2025-04-20 12:29:36'),
(6, 24, '2025-04-20 00:25:30'),
(7, 33, '2025-04-20 09:53:43'),
(2, 7, '2025-04-20 20:15:34'),
(7, 36, '2025-04-20 03:45:19'),
(8, 87, '2025-04-20 00:41:06'),
(1, 9, '2025-04-20 01:08:05'),
(10, 43, '2025-04-20 00:26:50'),
(10, 61, '2025-04-20 19:41:58'),
(10, 30, '2025-04-20 19:09:18'),
(11, 46, '2025-04-20 06:53:36'),
(11, 90, '2025-04-20 13:03:56'),
(12, 69, '2025-04-20 19:00:02'),
(10, 12, '2025-04-20 17:35:20'),
(13, 58, '2025-04-20 20:47:12'),
(14, 66, '2025-04-20 04:20:24'),
(14, 36, '2025-04-20 12:48:27'),
(15, 97, '2025-04-20 07:22:47'),
(16, 42, '2025-04-20 07:00:39'),
(17, 58, '2025-04-20 13:01:54'),
(18, 47, '2025-04-20 08:03:49'),
(18, 79, '2025-04-20 13:54:00'),
(19, 55, '2025-04-20 01:20:57'),
(19, 48, '2025-04-20 20:55:30'),
(20, 96, '2025-04-20 07:04:41'),
(21, 30, '2025-04-20 21:59:16'),
(11, 21, '2025-04-20 02:40:44'),
(21, 65, '2025-04-20 13:25:12'),
(22, 78, '2025-04-20 22:12:49'),
(22, 85, '2025-04-20 17:30:16'),
(23, 79, '2025-04-20 16:22:17'),
(24, 57, '2025-04-20 19:44:42'),
(24, 50, '2025-04-20 09:27:59'),
(24, 34, '2025-04-20 23:28:00'),
(25, 72, '2025-04-20 22:08:20'),
(13, 25, '2025-04-20 08:35:49'),
(26, 62, '2025-04-20 08:48:33'),
(27, 53, '2025-04-20 21:20:49'),
(28, 82, '2025-04-20 23:05:47'),
(10, 29, '2025-04-20 09:53:27'),
(17, 29, '2025-04-20 16:01:45'),
(4, 30, '2025-04-20 21:48:15'),
(30, 61, '2025-04-20 09:44:17'),
(28, 30, '2025-04-20 22:18:08'),
(31, 59, '2025-04-20 01:56:54'),
(31, 98, '2025-04-20 08:25:01'),
(31, 43, '2025-04-20 21:39:26'),
(32, 54, '2025-04-20 11:19:37'),
(32, 62, '2025-04-20 21:08:29'),
(32, 90, '2025-04-20 17:44:28'),
(33, 41, '2025-04-20 14:37:36'),
(34, 77, '2025-04-20 22:55:35'),
(19, 34, '2025-04-20 16:38:34'),
(34, 99, '2025-04-20 16:10:22'),
(35, 81, '2025-04-20 06:02:11'),
(36, 77, '2025-04-20 08:07:10'),
(36, 63, '2025-04-20 12:21:56'),
(36, 99, '2025-04-20 11:00:12'),
(37, 72, '2025-04-20 10:07:54'),
(37, 63, '2025-04-20 07:16:09'),
(12, 38, '2025-04-20 11:27:37'),
(38, 59, '2025-04-20 14:10:46'),
(39, 86, '2025-04-20 00:48:43'),
(39, 65, '2025-04-20 09:39:49'),
(22, 39, '2025-04-20 16:27:12'),
(40, 99, '2025-04-20 02:57:36'),
(41, 64, '2025-04-20 21:40:59'),
(41, 100, '2025-04-20 12:35:58'),
(20, 41, '2025-04-20 02:43:05'),
(9, 42, '2025-04-20 11:28:51'),
(18, 42, '2025-04-20 22:21:41'),
(43, 71, '2025-04-20 20:53:34'),
(14, 43, '2025-04-20 23:05:28'),
(44, 92, '2025-04-20 11:29:52'),
(44, 96, '2025-04-20 04:10:36'),
(31, 45, '2025-04-20 17:27:47'),
(2, 45, '2025-04-20 23:56:42'),
(46, 52, '2025-04-20 10:45:45'),
(47, 96, '2025-04-20 08:33:52'),
(32, 47, '2025-04-20 04:57:57'),
(47, 83, '2025-04-20 11:56:50'),
(14, 48, '2025-04-20 12:30:41'),
(44, 48, '2025-04-20 15:06:04'),
(49, 80, '2025-04-20 02:19:34'),
(12, 50, '2025-04-20 21:08:14'),
(44, 50, '2025-04-20 21:06:09'),
(51, 92, '2025-04-20 04:51:58'),
(52, 89, '2025-04-20 04:42:41'),
(53, 70, '2025-04-20 02:47:14'),
(53, 74, '2025-04-20 19:42:27'),
(9, 53, '2025-04-20 14:44:43'),
(54, 89, '2025-04-20 13:43:54'),
(36, 54, '2025-04-20 14:04:28'),
(33, 55, '2025-04-20 13:28:10'),
(55, 56, '2025-04-20 18:45:08'),
(56, 62, '2025-04-20 09:47:22'),
(2, 56, '2025-04-20 21:35:39'),
(56, 99, '2025-04-20 21:58:02'),
(57, 82, '2025-04-20 14:25:44'),
(57, 73, '2025-04-20 13:57:34'),
(12, 58, '2025-04-20 03:32:26'),
(52, 58, '2025-04-20 00:04:37'),
(38, 58, '2025-04-20 22:28:15'),
(50, 59, '2025-04-20 11:54:47'),
(60, 95, '2025-04-20 01:55:33'),
(38, 60, '2025-04-20 23:02:01'),
(60, 62, '2025-04-20 18:12:12'),
(3, 61, '2025-04-20 14:49:26'),
(61, 100, '2025-04-20 01:46:22'),
(26, 61, '2025-04-20 12:46:29'),
(62, 94, '2025-04-20 02:42:19'),
(10, 62, '2025-04-20 00:24:34'),
(17, 63, '2025-04-20 12:44:47'),
(40, 63, '2025-04-20 15:42:21'),
(63, 87, '2025-04-20 12:22:57'),
(64, 67, '2025-04-20 19:46:06'),
(22, 65, '2025-04-20 07:24:19'),
(56, 66, '2025-04-20 01:56:51'),
(13, 66, '2025-04-20 17:16:24'),
(67, 97, '2025-04-20 22:36:41'),
(46, 67, '2025-04-20 09:17:12'),
(67, 99, '2025-04-20 07:30:06'),
(1, 68, '2025-04-20 11:51:41'),
(6, 68, '2025-04-20 03:03:37'),
(68, 94, '2025-04-20 07:48:12'),
(64, 69, '2025-04-20 05:10:00'),
(69, 86, '2025-04-20 10:53:54'),
(69, 80, '2025-04-20 17:25:26'),
(36, 70, '2025-04-20 06:15:38'),
(35, 70, '2025-04-20 21:26:56'),
(42, 71, '2025-04-20 22:55:24'),
(72, 92, '2025-04-20 03:21:31'),
(19, 73, '2025-04-20 11:57:13'),
(15, 73, '2025-04-20 00:15:40'),
(13, 74, '2025-04-20 05:53:37'),
(32, 75, '2025-04-20 03:58:28'),
(12, 75, '2025-04-20 11:01:45'),
(18, 76, '2025-04-20 10:47:09'),
(61, 76, '2025-04-20 15:56:36'),
(20, 77, '2025-04-20 15:54:31'),
(70, 77, '2025-04-20 05:36:18'),
(49, 78, '2025-04-20 11:33:24'),
(47, 78, '2025-04-20 02:24:22'),
(48, 79, '2025-04-20 03:57:17'),
(41, 80, '2025-04-20 13:07:41'),
(63, 80, '2025-04-20 17:47:16'),
(6, 80, '2025-04-20 17:46:16'),
(63, 81, '2025-04-20 00:42:37'),
(25, 81, '2025-04-20 16:07:48'),
(48, 81, '2025-04-20 21:58:05'),
(43, 82, '2025-04-20 12:10:57'),
(82, 91, '2025-04-20 09:00:38'),
(66, 83, '2025-04-20 04:21:19'),
(78, 83, '2025-04-20 18:02:01'),
(84, 92, '2025-04-20 14:11:20'),
(84, 95, '2025-04-20 10:37:56'),
(84, 86, '2025-04-20 07:28:46'),
(24, 85, '2025-04-20 10:32:00'),
(31, 87, '2025-04-20 10:12:32'),
(26, 87, '2025-04-20 20:31:57'),
(61, 87, '2025-04-20 00:16:49'),
(88, 93, '2025-04-20 05:48:57'),
(66, 88, '2025-04-20 10:34:45'),
(89, 92, '2025-04-20 09:24:49'),
(9, 89, '2025-04-20 06:03:09'),
(76, 89, '2025-04-20 12:11:53'),
(2, 90, '2025-04-20 07:36:43'),
(20, 90, '2025-04-20 21:09:00'),
(48, 91, '2025-04-20 15:37:21'),
(62, 91, '2025-04-20 13:55:59'),
(37, 91, '2025-04-20 18:52:26'),
(20, 92, '2025-04-20 07:33:11'),
(23, 92, '2025-04-20 01:00:20'),
(92, 96, '2025-04-20 00:46:35'),
(40, 93, '2025-04-20 23:29:26'),
(28, 93, '2025-04-20 05:20:45'),
(24, 93, '2025-04-20 18:26:15'),
(5, 94, '2025-04-20 11:29:52'),
(71, 95, '2025-04-20 07:51:31'),
(88, 96, '2025-04-20 16:09:37'),
(83, 97, '2025-04-20 10:36:37'),
(63, 97, '2025-04-20 09:05:23'),
(76, 98, '2025-04-20 04:57:50'),
(39, 98, '2025-04-20 09:29:36'),
(75, 99, '2025-04-20 20:00:05'),
(20, 100, '2025-04-20 22:14:39');

-- === RESET ID SEQUENCES ===
SELECT setval('users_id_seq', (SELECT MAX(id) FROM users));