-- ------------------------------------------------------------
        -- Dummy data generated on 2025-04-21T03:06:50
        -- Seed: 1337
        -- ------------------------------------------------------------

-- === USERS ===
INSERT INTO users (id, username, email, password_hash, created_at) VALUES
(1, 'user1', 'ashley25@example.com', '$2a$10$bxFZMt4M6IjHAKj6peP.wu6ps2TBA2RCoCoJCE..z/8oNJXJKJvTa', '2024-08-26 18:30:05'),
(2, 'user2', 'sandra46@example.net', '$2a$10$bxFZMt4M6IjHAKj6peP.wu6ps2TBA2RCoCoJCE..z/8oNJXJKJvTa', '2023-09-27 20:03:51'),
(3, 'user3', 'daniel61@example.net', '$2a$10$bxFZMt4M6IjHAKj6peP.wu6ps2TBA2RCoCoJCE..z/8oNJXJKJvTa', '2024-10-15 17:46:54'),
(4, 'user4', 'pamela64@example.net', '$2a$10$bxFZMt4M6IjHAKj6peP.wu6ps2TBA2RCoCoJCE..z/8oNJXJKJvTa', '2023-05-05 11:53:18'),
(5, 'user5', 'brooke73@example.org', '$2a$10$bxFZMt4M6IjHAKj6peP.wu6ps2TBA2RCoCoJCE..z/8oNJXJKJvTa', '2024-12-29 16:53:40'),
(6, 'user6', 'erin97@example.net', '$2a$10$bxFZMt4M6IjHAKj6peP.wu6ps2TBA2RCoCoJCE..z/8oNJXJKJvTa', '2023-11-13 08:52:15'),
(7, 'user7', 'amylittle@example.net', '$2a$10$bxFZMt4M6IjHAKj6peP.wu6ps2TBA2RCoCoJCE..z/8oNJXJKJvTa', '2024-07-13 01:12:13'),
(8, 'user8', 'jonessydney@example.net', '$2a$10$bxFZMt4M6IjHAKj6peP.wu6ps2TBA2RCoCoJCE..z/8oNJXJKJvTa', '2023-06-02 11:05:47'),
(9, 'user9', 'reidjames@example.com', '$2a$10$bxFZMt4M6IjHAKj6peP.wu6ps2TBA2RCoCoJCE..z/8oNJXJKJvTa', '2023-09-21 08:00:47'),
(10, 'user10', 'zcurry@example.net', '$2a$10$bxFZMt4M6IjHAKj6peP.wu6ps2TBA2RCoCoJCE..z/8oNJXJKJvTa', '2023-12-21 18:15:07'),
(11, 'user11', 'popecheryl@example.com', '$2a$10$bxFZMt4M6IjHAKj6peP.wu6ps2TBA2RCoCoJCE..z/8oNJXJKJvTa', '2024-07-09 00:28:36'),
(12, 'user12', 'andreaparsons@example.net', '$2a$10$bxFZMt4M6IjHAKj6peP.wu6ps2TBA2RCoCoJCE..z/8oNJXJKJvTa', '2024-11-05 23:18:30'),
(13, 'user13', 'melinda39@example.org', '$2a$10$bxFZMt4M6IjHAKj6peP.wu6ps2TBA2RCoCoJCE..z/8oNJXJKJvTa', '2024-06-05 14:16:54'),
(14, 'user14', 'kimberlywilliams@example.com', '$2a$10$bxFZMt4M6IjHAKj6peP.wu6ps2TBA2RCoCoJCE..z/8oNJXJKJvTa', '2024-10-19 04:22:56'),
(15, 'user15', 'bmcpherson@example.net', '$2a$10$bxFZMt4M6IjHAKj6peP.wu6ps2TBA2RCoCoJCE..z/8oNJXJKJvTa', '2024-05-04 08:52:50'),
(16, 'user16', 'jessica94@example.com', '$2a$10$bxFZMt4M6IjHAKj6peP.wu6ps2TBA2RCoCoJCE..z/8oNJXJKJvTa', '2023-06-12 12:36:58'),
(17, 'user17', 'stacieberger@example.com', '$2a$10$bxFZMt4M6IjHAKj6peP.wu6ps2TBA2RCoCoJCE..z/8oNJXJKJvTa', '2025-01-17 13:07:53'),
(18, 'user18', 'leestephanie@example.com', '$2a$10$bxFZMt4M6IjHAKj6peP.wu6ps2TBA2RCoCoJCE..z/8oNJXJKJvTa', '2025-03-03 06:55:31'),
(19, 'user19', 'spencerronald@example.net', '$2a$10$bxFZMt4M6IjHAKj6peP.wu6ps2TBA2RCoCoJCE..z/8oNJXJKJvTa', '2024-10-29 12:49:52'),
(20, 'user20', 'jordanjoyce@example.org', '$2a$10$bxFZMt4M6IjHAKj6peP.wu6ps2TBA2RCoCoJCE..z/8oNJXJKJvTa', '2023-06-04 02:40:58');

-- === PROFILES ===
INSERT INTO profiles (user_id, display_name, biography, birthday, profile_picture_url, spotify_song_id, user_location_text, user_location, match_distance_miles, gender, preferred_gender, preferred_age_min, preferred_age_max) VALUES
(1, 'Barry Gomez', 'Oil whole herself perhaps every second. Spend beat really garden subject every.', '1987-02-02', 'https://www.hawkcreek.org/wp-content/uploads/2023/04/Sand-Cat-Ra-2-Tiffany-Cimino-e1680717268279.jpg', NULL, 'Loveland', ST_SetSRID(ST_MakePoint(-104.147747, 37.612969),4326)::GEOGRAPHY, 974, 'male', NULL, 29, 34),
(2, 'Charles Levine', 'Early trial arrive dinner small foreign necessary list. Available attack power carry event. Agree view quickly weight arrive nearly.', '1964-08-16', 'https://cdn.britannica.com/39/226539-050-D21D7721/Portrait-of-a-cat-with-whiskers-visible.jpg', NULL, 'Loveland', ST_SetSRID(ST_MakePoint(-105.395059, 39.337159),4326)::GEOGRAPHY, 899, 'nonbinary', 'female', 18, 98),
(3, 'Jacqueline Graham', 'List activity whose table couple interesting. Whom policy six citizen. Those style what may join.', '1931-08-07', 'https://www.paws.org/wp-content/uploads/2020/02/HappyCat-HP.jpg', NULL, 'Aurora', ST_SetSRID(ST_MakePoint(-107.319818, 40.288733),4326)::GEOGRAPHY, 944, 'nonbinary', NULL, 27, 67),
(4, 'Andrew Ross', 'Wide return bar focus model large memory degree.', '1996-03-31', 'https://www.whiskas.co.uk/cdn-cgi/image/format=auto,q=90/sites/g/files/fnmzdf5651/files/2025-02/why-do-cats-purr_.jpg', NULL, 'Durango', ST_SetSRID(ST_MakePoint(-106.680524, 40.236675),4326)::GEOGRAPHY, 633, 'other', 'male', 20, 29),
(5, 'Diana Scott', 'Themselves certain recognize charge produce. Down goal finally prevent.', '1935-12-23', 'https://www.petsandparasites.org/images/uploads/images/Person_Holding_Little_Cats_in_Arms.jpg', NULL, 'Boulder', ST_SetSRID(ST_MakePoint(-107.444850, 38.693382),4326)::GEOGRAPHY, 9, 'female', 'other', 30, 41),
(6, 'Frank Barker', 'Hot second condition end. Edge nothing Republican economy. Performance candidate question can. Pretty mean recognize usually.', '1930-03-13', 'https://th-thumbnailer.cdn-si-edu.com/ii_ZQzqzZgBKT6z9DVNhfPhZe5g=/fit-in/1600x0/filters:focal(1061x707:1062x708)/https://tf-cmsv2-smithsonianmag-media.s3.amazonaws.com/filer_public/55/95/55958815-3a8a-4032-ac7a-ff8c8ec8898a/gettyimages-1067956982.jpg', NULL, 'Fort Collins', ST_SetSRID(ST_MakePoint(-104.931779, 40.003313),4326)::GEOGRAPHY, 76, 'male', NULL, 22, 82),
(7, 'Kelly Johnson', 'Pattern gas father represent. True whole house seven research all. Worker how beyond interest director shake author above.', '1930-07-17', 'https://static.scientificamerican.com/sciam/cache/file/32665E6F-8D90-4567-9769D59E11DB7F26_source.jpg?w=1200', NULL, 'Aspen', ST_SetSRID(ST_MakePoint(-105.981446, 38.049037),4326)::GEOGRAPHY, 232, 'other', 'other', 28, 66),
(8, 'Deborah Bryant', 'Miss ago prove fire. Identify network along doctor stop start lot. Cost take week father clear likely teacher.', '1955-12-08', 'https://media.npr.org/assets/img/2023/12/12/gettyimages-1054147940-627235e01fb63b4644bec84204c259f0a343e35b.jpg', NULL, 'Durango', ST_SetSRID(ST_MakePoint(-103.689462, 38.399492),4326)::GEOGRAPHY, 637, 'nonbinary', NULL, 30, 61),
(9, 'Michael Hall', 'On in your themselves the wear. Space catch dinner. Group throughout major.', '1939-06-19', 'https://static.scientificamerican.com/sciam/cache/file/F766A67E-A8AA-4C90-A929C9AC67075D4B_source.jpg?crop=16%3A9%2Csmart&w=1920', NULL, 'Vail', ST_SetSRID(ST_MakePoint(-105.980708, 38.129282),4326)::GEOGRAPHY, 751, 'nonbinary', 'other', 26, 31),
(10, 'Charles Griffith', 'Collection entire miss economy. Involve throw that.
Film the enough treat here per than. Election standard firm model truth many stand.', '1947-08-08', 'https://wwfgifts-files.worldwildlife.org/wwfgifts/images/black-footed-cat-large-photo.jpg', NULL, 'Vail', ST_SetSRID(ST_MakePoint(-104.989656, 39.388677),4326)::GEOGRAPHY, 753, 'female', 'other', 21, 86),
(11, 'Debra Reese', 'Free give follow part sell last discussion sit. Free personal one discuss sea wife either.', '1947-04-30', 'https://catfriendly.com/wp-content/uploads/2021/08/cat-lying-down.jpg', NULL, 'Durango', ST_SetSRID(ST_MakePoint(-106.967587, 40.803932),4326)::GEOGRAPHY, 885, 'nonbinary', 'other', 20, 85),
(12, 'Patricia Eaton', 'Character true policy decide son couple yourself take.', '1947-09-05', 'https://cdn.royalcanin-weshare-online.io/XGkUPmYBG95Xk-RBXt1l/v1/ec5h-should-you-choose-a-kitten-or-adult-cat-hero-cat', NULL, 'Greeley', ST_SetSRID(ST_MakePoint(-102.053428, 38.862427),4326)::GEOGRAPHY, 37, 'female', 'nonbinary', 26, 81),
(13, 'Natalie Wells', 'Beat lose participant study ability best data. Might phone memory if name.', '1965-07-02', 'https://www.thesprucepets.com/thmb/qu1ksKGL75-FYqaVSnFRmk_T5_U=/1500x375/filters:no_upscale():strip_icc()/cats-recirc3_2-1f5de201af94447a9063f83249260aff.jpg', NULL, 'Colorado Springs', ST_SetSRID(ST_MakePoint(-102.260376, 37.436989),4326)::GEOGRAPHY, 872, 'female', 'female', 24, 69),
(14, 'Tracie Maddox', 'Wrong five along each. Soldier sense purpose both next.', '1939-07-01', 'https://www.cdc.gov/healthy-pets/media/images/2024/04/Cat-on-couch.jpg', NULL, 'Colorado Springs', ST_SetSRID(ST_MakePoint(-104.656248, 38.060578),4326)::GEOGRAPHY, 513, 'nonbinary', 'male', 21, 67),
(15, 'Holly Martin', 'Lay remain act able still do spend. Yes seven long detail economic surface feel stop. Join important group through.', '2000-10-08', 'https://woodgreen.org.uk/nitropack_static/xoJzNJaUrazkmGClTAEjQlzsnLULSpuy/assets/images/optimized/rev-fd6ce3e/woodgreen.org.uk/wp-content/uploads/2021/12/tabby_cat_in_the_garden-1536x0-c-default.webp', NULL, 'Boulder', ST_SetSRID(ST_MakePoint(-102.602976, 37.134300),4326)::GEOGRAPHY, 522, 'other', NULL, 21, 54),
(16, 'Johnathan Medina', 'Lot walk professional teach line partner. Just floor benefit sort explain away.', '1957-06-27', 'https://panthera.org/sites/default/files/blog-post-images/IMG-508102-Manul-Pallas-Cat-Mongolia-Sebastian-Kennerknecht%20%281%29.jpg', NULL, 'Denver', ST_SetSRID(ST_MakePoint(-102.060542, 38.646392),4326)::GEOGRAPHY, 147, 'female', NULL, 19, 29),
(17, 'David White', 'Never man them ball billion its. Type idea soon.
Training interest home. Hold difficult into practice. Someone eight create always reveal.', '1959-12-09', 'https://catfriendly.com/wp-content/uploads/2021/08/cat-lying-down.jpg', NULL, 'Aspen', ST_SetSRID(ST_MakePoint(-105.114383, 37.043946),4326)::GEOGRAPHY, 56, 'female', 'male', 25, 93),
(18, 'Sarah James', 'Technology question out century happy. Feel future politics firm my.', '1982-04-06', 'https://www.alleycat.org/wp-content/uploads/2024/04/alley-our-bnr.jpg', NULL, 'Durango', ST_SetSRID(ST_MakePoint(-105.543506, 38.300246),4326)::GEOGRAPHY, 980, 'nonbinary', 'nonbinary', 23, 93),
(19, 'Jill Martin', 'Age own until. Power tree camera through establish.', '1952-09-14', 'https://cdn.royalcanin-weshare-online.io/XGkUPmYBG95Xk-RBXt1l/v1/ec5h-should-you-choose-a-kitten-or-adult-cat-hero-cat', NULL, 'Pueblo', ST_SetSRID(ST_MakePoint(-105.842667, 40.321369),4326)::GEOGRAPHY, 122, 'male', 'male', 19, 81),
(20, 'Sandra Howell', 'Describe certain need total drive take finish tough. Institution ground color over deal seven.
Feeling goal suffer. Good difficult only.', '1971-08-30', 'https://www.humaneworld.org/sites/default/files/styles/responsive_3_4_500w/public/2022-12/winter-cat-260203_0.jpg.webp?itok=Kq7v5gi3', NULL, 'Colorado Springs', ST_SetSRID(ST_MakePoint(-104.111375, 40.980365),4326)::GEOGRAPHY, 904, 'female', 'female', 29, 66);

-- === USER_INTERESTS ===
INSERT INTO user_interests (user_id, interest_id) VALUES
(1, 10),
(1, 47),
(1, 11),
(1, 7),
(1, 34),
(1, 9),
(1, 24),
(1, 41),
(2, 18),
(2, 49),
(2, 5),
(2, 11),
(2, 41),
(2, 53),
(2, 34),
(2, 27),
(3, 17),
(3, 28),
(3, 2),
(3, 52),
(3, 45),
(3, 13),
(3, 18),
(3, 32),
(4, 20),
(4, 45),
(4, 17),
(4, 52),
(4, 25),
(4, 8),
(4, 40),
(4, 36),
(5, 34),
(5, 17),
(5, 12),
(5, 21),
(5, 33),
(5, 53),
(5, 22),
(5, 32),
(6, 53),
(6, 30),
(6, 9),
(6, 28),
(6, 48),
(6, 18),
(6, 29),
(6, 44),
(7, 42),
(7, 37),
(7, 9),
(7, 33),
(7, 19),
(7, 24),
(7, 4),
(7, 41),
(8, 38),
(8, 40),
(8, 21),
(8, 32),
(8, 49),
(8, 5),
(8, 18),
(8, 36),
(9, 40),
(9, 10),
(9, 49),
(9, 20),
(9, 50),
(9, 11),
(9, 18),
(9, 25),
(10, 48),
(10, 36),
(10, 47),
(10, 12),
(10, 41),
(10, 22),
(10, 16),
(10, 23),
(11, 21),
(11, 35),
(11, 39),
(11, 1),
(11, 49),
(11, 24),
(11, 29),
(11, 15),
(12, 50),
(12, 41),
(12, 34),
(12, 22),
(12, 52),
(12, 31),
(12, 38),
(12, 27),
(13, 15),
(13, 9),
(13, 48),
(13, 53),
(13, 23),
(13, 17),
(13, 14),
(13, 10),
(14, 44),
(14, 20),
(14, 53),
(14, 36),
(14, 31),
(14, 43),
(14, 26),
(14, 48),
(15, 50),
(15, 4),
(15, 17),
(15, 41),
(15, 19),
(15, 44),
(15, 21),
(15, 2),
(16, 11),
(16, 34),
(16, 21),
(16, 50),
(16, 8),
(16, 51),
(16, 46),
(16, 4),
(17, 41),
(17, 10),
(17, 6),
(17, 53),
(17, 33),
(17, 14),
(17, 32),
(17, 13),
(18, 46),
(18, 36),
(18, 24),
(18, 27),
(18, 11),
(18, 15),
(18, 14),
(18, 16),
(19, 2),
(19, 37),
(19, 35),
(19, 23),
(19, 12),
(19, 52),
(19, 32),
(19, 22),
(20, 8),
(20, 46),
(20, 20),
(20, 53),
(20, 37),
(20, 19),
(20, 26),
(20, 3);

-- === PHOTOS ===
INSERT INTO photos (id, url, description, uploaded_at) VALUES
(1, 'https://www.shutterstock.com/image-photo/man-girl-standing-next-each-600nw-2452344265.jpg', 'Dancing through life one class at a time.', '2025-04-20 06:01:56'),
(2, 'https://www.shutterstock.com/image-photo/pottery-lesson-master-class-kids-600nw-2443277333.jpg', 'Forming art one spin at a time.', '2025-04-20 13:06:05'),
(3, 'https://media.istockphoto.com/id/1884766436/photo/pottery-teacher-teaching-her-student-at-a-ceramics-workshop.jpg?s=612x612&w=0&k=20&c=K_ovvYvZW-1y7muVYJRUT3cdEmpiYv0dN_OYI9nSV-c=', 'Clay in motion, ideas in flow.', '2025-04-20 07:27:42'),
(4, 'https://media.istockphoto.com/id/1884498371/photo/senior-woman-making-a-craft-product-on-a-ceramics-workshop.jpg?s=612x612&w=0&k=20&c=qXomovViTQSVIXkm3E_J2weyEjjZFN6J4ooXestncaM=', 'Centering more than just clay today.', '2025-04-20 23:07:36'),
(5, 'https://images.unsplash.com/photo-1470376619031-a6791e534bf0?fm=jpg&q=60&w=3000&ixlib=rb-4.0.3&ixid=M3wxMjA3fDB8MHxzZWFyY2h8N3x8c3dpbW1pbmd8ZW58MHx8MHx8fDA%3D', 'Making waves and memories.', '2025-04-20 12:40:26'),
(6, 'https://media.istockphoto.com/id/938119364/photo/woman-painting.jpg?s=612x612&w=0&k=20&c=JKFJGiLlrK9gHKvwxSXRFjYLnvg7ArZBZw8bP8s6RJ8=', 'Abstract expressions all day.', '2025-04-20 11:19:03'),
(7, 'https://thumbs.dreamstime.com/b/senior-man-swimming-blue-ocean-health-activity-concept-senior-man-swimming-blue-ocean-health-activity-126005005.jpg', 'Making waves and memories.', '2025-04-20 04:18:56'),
(8, 'https://t4.ftcdn.net/jpg/04/48/77/29/360_F_448772999_4KvKOwVaIEAtBPWdsDT39xX7Zyk0kTld.jpg', 'Abstract expressions all day.', '2025-04-20 11:25:20'),
(9, 'https://c8.alamy.com/comp/2DC5H60/woman-dancing-actively-during-the-dance-class-2DC5H60.jpg', 'Feeling the beat from head to toe.', '2025-04-20 09:38:35'),
(10, 'https://img.pikbest.com/origin/05/89/62/07hpIkbEsTIZf.jpg!f305cw', 'Every move is a mood.', '2025-04-20 19:07:50'),
(11, 'https://bodyliberationphotos.com/wp-content/uploads/2020/11/Plus-Size-amp-Diverse-Stock-Photo-Fat-Dance-Class-58092.jpg', 'Learning new steps and loving it.', '2025-04-20 01:35:51'),
(12, 'https://media.istockphoto.com/id/1364551940/photo/happy-senior-woman-in-swimming-pool-leaning-on-edge.jpg?s=612x612&w=0&k=20&c=X-uvfEKk3K-A40ErGfeuaqK6B9fri6qJtsBhbNBBLiY=', 'Floating my worries away.', '2025-04-20 22:33:51'),
(13, 'https://images.pexels.com/photos/1415810/pexels-photo-1415810.jpeg?auto=compress&cs=tinysrgb&dpr=1&w=500', 'Just keep swimming 🏊', '2025-04-20 07:10:24'),
(14, 'https://images.pexels.com/photos/1415810/pexels-photo-1415810.jpeg?auto=compress&cs=tinysrgb&dpr=1&w=500', 'Diving into the deep end.', '2025-04-20 16:28:07'),
(15, 'https://media.istockphoto.com/id/622003802/photo/fit-swimmer-training-in-the-pool.jpg?s=612x612&w=0&k=20&c=iVJw5ofxTcqYuZ2oliYr8OMoW2FoJFr8B7S28HYUXsg=', 'Swim, splash, smile.', '2025-04-20 15:44:05'),
(16, 'https://us.123rf.com/450wm/lanastock/lanastock2002/lanastock200200195/140729370-full-of-energy-cute-little-boy-in-white-t-shirt-looking-at-camera-and-gesturing-while-having-a.jpg?ver=6', 'Every move is a mood.', '2025-04-20 01:40:07'),
(17, 'https://bodyliberationphotos.com/wp-content/uploads/2020/11/Plus-Size-amp-Diverse-Stock-Photo-Fat-Dance-Class-58106.jpg', 'Learning new steps and loving it.', '2025-04-20 11:11:18'),
(18, 'https://media.gettyimages.com/id/1361421117/photo/hiking-couple-climb-up-mountain-ridge.jpg?s=612x612&w=gi&k=20&c=LskoahH619_8rUOaUV55nULjSrqIHfcD5c6EDTWe5T4=', 'Wander often, wonder always.', '2025-04-20 19:15:47'),
(19, 'https://media.istockphoto.com/id/1485454176/photo/little-girl-swimming-freestyle-in-a-swimming-pool.jpg?s=612x612&w=0&k=20&c=bReMs-lw0EZkqiLwqWlmmii7MtNJZ4esYG0iysmi1ls=', 'Freestyle kind of day.', '2025-04-20 21:15:14'),
(20, 'https://media.gettyimages.com/id/1321486723/photo/japanese-man-spending-weekend-morning-painting-in-his-bedroom-at-home.jpg?s=612x612&w=gi&k=20&c=3XJUvsdMrjmMgJTtSmoVgG29e7i1fNsRlHqLxFSuPHY=', 'Paint, sip, and relax.', '2025-04-20 17:45:09'),
(21, 'https://bodyliberationphotos.com/wp-content/uploads/2020/11/Plus-Size-amp-Diverse-Stock-Photo-Fat-Dance-Class-58106.jpg', 'When in doubt, dance it out.', '2025-04-20 12:50:17'),
(22, 'https://previews.123rf.com/images/boggy22/boggy221801/boggy22180101112/94715290-young-man-making-and-decorating-pottery-in-workshop.jpg', 'Forming art one spin at a time.', '2025-04-20 04:45:03'),
(23, 'https://image.shutterstock.com/image-photo/aerial-top-view-male-swimmer-260nw-2025637421.jpg', 'Just keep swimming 🏊', '2025-04-20 02:51:19'),
(24, 'https://freerangestock.com/sample/160041/woman-hiking-towards-mountain-under-cloudy-sky.jpg', 'One trail at a time.', '2025-04-20 09:12:47'),
(25, 'https://st2.depositphotos.com/1003580/9950/i/950/depositphotos_99503184-stock-photo-happy-kids-enjoying-swimming.jpg', 'Underwater thoughts.', '2025-04-20 15:32:55'),
(26, 'https://media.istockphoto.com/id/468936082/photo/young-children-practicing-dance.jpg?s=612x612&w=0&k=20&c=AwIlkwCmxCXyJVZq-NML1J50iWg6jG0g2UNPzxKcRwg=', 'Breaking a sweat, catching a beat.', '2025-04-20 15:39:13'),
(27, 'https://media.istockphoto.com/id/1133964549/photo/trainees-molding-mud-in-pottery-workshop.jpg?s=612x612&w=0&k=20&c=2_uFVSp6qkJJ8ZBhzpb4eNY_lqqZqWi3E1wAZbCCsQY=', 'Bowls, mugs, and a few laughs.', '2025-04-20 02:02:14'),
(28, 'https://st3.depositphotos.com/12982378/18168/i/1600/depositphotos_181685806-stock-photo-smiling-handsome-man-painting-wall.jpg', 'Caught in the moment of creativity.', '2025-04-20 02:29:26'),
(29, 'https://media.istockphoto.com/id/1285296688/photo/success-woman-hiker-hiking-on-sunrise-mountain-peak-young-woman-with-backpack-rise-to-the.jpg?s=612x612&w=0&k=20&c=Ec_7VXWgRCGQZU6BHQAIJNw5VFZjMkqKr1oMIT_bc9I=', 'Every step is an adventure.', '2025-04-20 23:26:16'),
(30, 'https://t3.ftcdn.net/jpg/01/48/12/66/360_F_148126681_z4va6TTWvkYZDO3bFGneD4BJ0yNJNxrC.jpg', 'Every step is an adventure.', '2025-04-20 17:37:27'),
(31, 'https://previews.123rf.com/images/pressmaster/pressmaster1505/pressmaster150500181/39635412-young-artist-looking-at-camera-on-background-of-his-painting.jpg', 'Every brushstroke tells a story.', '2025-04-20 20:07:39'),
(32, 'https://s3.envato.com/files/502279887/22-02-2024%20-%20SASKA%20CERAMICS%20RADIONICA%20ZT8_5182.jpg', 'Shaping memories from clay.', '2025-04-20 12:09:05'),
(33, 'https://c8.alamy.com/comp/J55MW9/artistic-painter-looks-through-a-magnifying-glass-isolated-on-white-J55MW9.jpg', 'Every brushstroke tells a story.', '2025-04-20 22:45:06'),
(34, 'https://theedenmagazine.com/wp-content/uploads/2024/06/Take-A-Hike-AdobeStock_448444473.jpg', 'Hike more, worry less.', '2025-04-20 22:38:43'),
(35, 'https://media.istockphoto.com/id/894870474/photo/two-women-at-a-pottery-workshop-making-clay-pots.jpg?s=612x612&w=0&k=20&c=6SJuo_uRLPJ3aD9YRHt8zJqcE1CO-vbBtjVgOlzoEq4=', 'Pottery: where patience meets creativity.', '2025-04-20 19:39:34'),
(36, 'https://bodyliberationphotos.com/wp-content/uploads/2020/11/Plus-Size-amp-Diverse-Stock-Photo-Fat-Dance-Class-58106.jpg', 'Twist, turn, and groove.', '2025-04-20 15:55:41'),
(37, 'https://thumbs.dreamstime.com/b/children-enjoying-art-class-painting-ceramic-heart-ornaments-concept-creativity-childhood-activities-group-fun-356353408.jpg', 'Pottery night success!', '2025-04-20 11:28:24'),
(38, 'https://media.istockphoto.com/id/1304289911/photo/my-vision-of-female-face.jpg?s=612x612&w=0&k=20&c=PqJ9iL628RILnaVYcCWSFqLj4IxVR7826Lt9t8FknOo=', 'Caught in the moment of creativity.', '2025-04-20 11:06:53'),
(39, 'https://img.pikbest.com/origin/05/89/62/07hpIkbEsTIZf.jpg!f305cw', 'Every move is a mood.', '2025-04-20 13:50:34'),
(40, 'https://www.shutterstock.com/image-photo/man-hiking-sunset-mountains-heavy-260nw-723981925.jpg', 'Wander often, wonder always.', '2025-04-20 08:37:06'),
(41, 'https://t3.ftcdn.net/jpg/02/69/00/62/360_F_269006287_UOjqqlydfZpqlXB4tSxLZGXI0MXhHytb.jpg', 'Abstract expressions all day.', '2025-04-20 16:46:34'),
(42, 'https://media.istockphoto.com/id/1081891908/photo/little-boy-swimming-crawl-in-pool.jpg?s=612x612&w=0&k=20&c=_3GmzSiIMtqgcPWi2zsz58nBhUQEiEuJSZN61voNeVo=', 'Pool days are the best days.', '2025-04-20 10:01:12'),
(43, 'https://c8.alamy.com/comp/FKG2CJ/professional-artist-painting-a-picture-on-canvas-FKG2CJ.jpg', 'Masterpieces in progress.', '2025-04-20 14:09:15'),
(44, 'https://static3.bigstockphoto.com/7/6/2/large1500/267125512.jpg', 'Making waves and memories.', '2025-04-20 13:47:28'),
(45, 'https://previews.123rf.com/images/nd3000/nd30001904/nd3000190401467/121379910-group-of-happy-young-people-friends-hiking-together-outdoor.jpg', 'Trail time is the best time.', '2025-04-20 04:08:20'),
(46, 'https://images.pexels.com/photos/1365425/pexels-photo-1365425.jpeg?cs=srgb&dl=pexels-sanmane-1365425.jpg&fm=jpg', 'Wander often, wonder always.', '2025-04-20 17:54:00'),
(47, 'https://as2.ftcdn.net/jpg/05/31/87/99/1000_F_531879934_Vn8FbIVgHNrqAQvPaqvfNzLPxO8rTHJx.jpg', 'Forming art one spin at a time.', '2025-04-20 10:04:36'),
(48, 'https://cms-artifacts.artlist.io/content/motion-array/520373/Pretty_Women_Enjoying_Dance_Class_high_resolution_preview_520373.jpg?Expires=2036490592429&Key-Pair-Id=K2ZDLYDZI2R1DF&Signature=Obrjyd8zBNkTQtdtK92gPbxv53LRCQI3dZJ6by024MY4A1kzFfIr7uKDzw-tpf92dYmNfRrF13-RTie3hlnv0Vgb5JlsN6J0MwSqjMDNMB-3lXupVyuOBS5ZNTvg2mgVSISKWA7eSjJuq7CRQh0-Vff1iXF2qjxnYf69ECPTF6bVYtWUa0mIQjRWQ5ya6xL6vaUnFyzrM9NS1wZxH-z3SQAUtwsGIUqhTcCvXIjrY3QpgjCh5X91eUa9xawC3wFdrRvFrXmAQB6g9kw1BoXQPzFdRhj95qECU3NUGNadL-DcBOX~cj2lOsnhjp~cCltQxy7Xl7JPUQhr0t-yc2T7AA__', 'Learning new steps and loving it.', '2025-04-20 05:33:13'),
(49, 'https://thumbs.dreamstime.com/b/stress-sad-bullying-ballet-dance-student-teacher-support-help-care-studio-class-group-women-young-girl-crying-254523108.jpg', 'Feeling the beat from head to toe.', '2025-04-20 23:27:20'),
(50, 'https://previews.123rf.com/images/jackf/jackf2303/jackf230300668/199621267-joyous-boy-and-girls-dancing-hip-hop-at-lesson-in-class.jpg', 'Dance like nobody''s watching.', '2025-04-20 00:34:36'),
(51, 'https://media.gettyimages.com/id/1511069617/photo/women-hikers-embracing-the-untamed-beauty-of-tasmania-through-exhilarating-bushwalking.jpg?s=612x612&w=gi&k=20&c=HUbxqu5pJfMy2wBgHxctnYZUGjElM8Q9xva7v8AQvFI=', 'Wander often, wonder always.', '2025-04-20 02:55:29'),
(52, 'https://freerangestock.com/sample/131133/painting-with-brush-.jpg', 'Mixing colors and catching vibes.', '2025-04-20 00:45:33'),
(53, 'https://images.pexels.com/photos/1271619/pexels-photo-1271619.jpeg?cs=srgb&dl=pexels-andreimike-1271619.jpg&fm=jpg', 'Every step is an adventure.', '2025-04-20 08:37:50'),
(54, 'https://media.istockphoto.com/id/1511069617/photo/women-hikers-embracing-the-untamed-beauty-of-tasmania-through-exhilarating-bushwalking.jpg?s=612x612&w=0&k=20&c=T8sDlMsvby3usWMjkdvQobeMycD0YkwyreeRF9VFWE8=', 'Peak moments and fresh air.', '2025-04-20 23:01:59'),
(55, 'https://thumbs.dreamstime.com/b/team-professional-painters-uniform-painting-white-wall-empty-room-paint-roller-building-contractors-doing-repair-345139541.jpg', 'Every brushstroke tells a story.', '2025-04-20 14:47:00'),
(56, 'https://plus.unsplash.com/premium_photo-1706115464365-a82276f7e7b4?fm=jpg&q=60&w=3000&ixlib=rb-4.0.3&ixid=M3wxMjA3fDB8MHxzZWFyY2h8MXx8cG90dGVyeSUyMGNsYXNzfGVufDB8fDB8fHww', 'Pottery night success!', '2025-04-20 00:54:44'),
(57, 'https://c8.alamy.com/comp/HG4HXD/senior-man-with-teacher-in-pottery-class-HG4HXD.jpg', 'Shaping memories from clay.', '2025-04-20 06:11:09'),
(58, 'https://media.istockphoto.com/id/465383082/photo/female-swimmer-at-the-swimming-pool.jpg?s=612x612&w=0&k=20&c=tcTwN2rTvUBK4wddan_GUCxrXX6bBoU-hyrVMvmT0BM=', 'Underwater thoughts.', '2025-04-20 10:53:45'),
(59, 'https://thumbs.dreamstime.com/b/hiking-trail-svaneti-region-georgia-two-hikers-men-walk-trek-mountain-tourists-backpacks-hike-highlands-trekking-127694858.jpg', 'Trail time is the best time.', '2025-04-20 07:10:01'),
(60, 'https://image.shutterstock.com/image-photo/dumbbell-training-mature-man-swimming-260nw-2499118725.jpg', 'Underwater thoughts.', '2025-04-20 20:01:35'),
(61, 'https://c8.alamy.com/comp/FKG2CJ/professional-artist-painting-a-picture-on-canvas-FKG2CJ.jpg', 'Lost in the strokes.', '2025-04-20 08:56:22'),
(62, 'https://images.pexels.com/photos/7031624/pexels-photo-7031624.jpeg?auto=compress&cs=tinysrgb&dpr=1&w=341.25&fit=crop&h=552.5', 'Coloring outside the lines, literally.', '2025-04-20 15:08:06'),
(63, 'https://st3.depositphotos.com/2931363/12878/i/950/depositphotos_128787910-stock-photo-father-and-son-making-ceramic.jpg', 'Clay in motion, ideas in flow.', '2025-04-20 17:13:28'),
(64, 'https://media.istockphoto.com/id/1132353492/photo/child-learning-to-swim-kids-in-swimming-pool.jpg?s=612x612&w=0&k=20&c=y6AWbZA5AOlVHXA7sO9uHfe5HDQp2z76ZvrU0spZWmw=', 'Cool water, warm hearts.', '2025-04-20 23:38:48'),
(65, 'https://www.shutterstock.com/image-photo/man-hiking-sunset-mountains-heavy-260nw-723981925.jpg', 'Chasing views and good vibes.', '2025-04-20 21:07:40'),
(66, 'https://media.istockphoto.com/id/1594228594/photo/close-up-image-of-a-young-creative-artists-hands-smeared-with-watercolors-holding-a-spatula.jpg?s=612x612&w=0&k=20&c=G-bXSkCLcgiaEkmD-GGe48TsrF0l6X2ebg-zAjtEFcA=', 'Paint, sip, and relax.', '2025-04-20 08:54:12'),
(67, 'https://www.shutterstock.com/image-photo/group-dance-class-diverse-participants-600nw-2534284455.jpg', 'Breaking a sweat, catching a beat.', '2025-04-20 23:44:23'),
(68, 'https://media.gettyimages.com/id/1321486723/photo/japanese-man-spending-weekend-morning-painting-in-his-bedroom-at-home.jpg?s=612x612&w=gi&k=20&c=3XJUvsdMrjmMgJTtSmoVgG29e7i1fNsRlHqLxFSuPHY=', 'Mixing colors and catching vibes.', '2025-04-20 20:28:04'),
(69, 'https://www.shutterstock.com/shutterstock/photos/1909533559/display_1500/stock-photo-group-of-four-hikers-with-backpacks-walks-in-mountains-at-sunset-1909533559.jpg', 'Nature never goes out of style.', '2025-04-20 15:05:06'),
(70, 'https://previews.123rf.com/images/seventyfour74/seventyfour741903/seventyfour74190300485/118890802-pottery-class-for-kids.jpg', 'Hands dirty, heart happy.', '2025-04-20 01:24:28'),
(71, 'https://s3.envato.com/files/502775288/22-02-2024%20-%20SASKA%20CERAMICS%20RADIONICA%20ZT8_6489.jpg', 'Shaping memories from clay.', '2025-04-20 21:56:54'),
(72, 'https://t4.ftcdn.net/jpg/01/63/13/81/360_F_163138124_9lCV7ep4dYJlLApk7nq050lSnGwgAHVA.jpg', 'Underwater thoughts.', '2025-04-20 01:57:05');

-- === POSTS ===
INSERT INTO posts (id, user_id, photo_id, title, body, created_at) VALUES
(1, 1, 1, 'Dancing through life one class at a time.', '', '2025-04-20 06:01:56'),
(2, 1, 2, 'Forming art one spin at a time.', '', '2025-04-20 13:06:05'),
(3, 1, 3, 'Clay in motion, ideas in flow.', '', '2025-04-20 07:27:42'),
(4, 1, 4, 'Centering more than just clay today.', '', '2025-04-20 23:07:36'),
(5, 2, 5, 'Making waves and memories.', '', '2025-04-20 12:40:26'),
(6, 2, 6, 'Abstract expressions all day.', '', '2025-04-20 11:19:03'),
(7, 2, 7, 'Making waves and memories.', '', '2025-04-20 04:18:56'),
(8, 2, 8, 'Abstract expressions all day.', '', '2025-04-20 11:25:20'),
(9, 2, 9, 'Feeling the beat from head to toe.', '', '2025-04-20 09:38:35'),
(10, 3, 10, 'Every move is a mood.', '', '2025-04-20 19:07:50'),
(11, 3, 11, 'Learning new steps and loving it.', '', '2025-04-20 01:35:51'),
(12, 3, 12, 'Floating my worries away.', '', '2025-04-20 22:33:51'),
(13, 4, 13, 'Just keep swimming 🏊', '', '2025-04-20 07:10:24'),
(14, 4, 14, 'Diving into the deep end.', '', '2025-04-20 16:28:07'),
(15, 5, 15, 'Swim, splash, smile.', '', '2025-04-20 15:44:05'),
(16, 5, 16, 'Every move is a mood.', '', '2025-04-20 01:40:07'),
(17, 5, 17, 'Learning new steps and loving it.', '', '2025-04-20 11:11:18'),
(18, 5, 18, 'Wander often, wonder always.', '', '2025-04-20 19:15:47'),
(19, 6, 19, 'Freestyle kind of day.', '', '2025-04-20 21:15:14'),
(20, 6, 20, 'Paint, sip, and relax.', '', '2025-04-20 17:45:09'),
(21, 6, 21, 'When in doubt, dance it out.', '', '2025-04-20 12:50:17'),
(22, 7, 22, 'Forming art one spin at a time.', '', '2025-04-20 04:45:03'),
(23, 7, 23, 'Just keep swimming 🏊', '', '2025-04-20 02:51:19'),
(24, 7, 24, 'One trail at a time.', '', '2025-04-20 09:12:47'),
(25, 7, 25, 'Underwater thoughts.', '', '2025-04-20 15:32:55'),
(26, 8, 26, 'Breaking a sweat, catching a beat.', '', '2025-04-20 15:39:13'),
(27, 8, 27, 'Bowls, mugs, and a few laughs.', '', '2025-04-20 02:02:14'),
(28, 8, 28, 'Caught in the moment of creativity.', '', '2025-04-20 02:29:26'),
(29, 8, 29, 'Every step is an adventure.', '', '2025-04-20 23:26:16'),
(30, 9, 30, 'Every step is an adventure.', '', '2025-04-20 17:37:27'),
(31, 9, 31, 'Every brushstroke tells a story.', '', '2025-04-20 20:07:39'),
(32, 9, 32, 'Shaping memories from clay.', '', '2025-04-20 12:09:05'),
(33, 9, 33, 'Every brushstroke tells a story.', '', '2025-04-20 22:45:06'),
(34, 10, 34, 'Hike more, worry less.', '', '2025-04-20 22:38:43'),
(35, 10, 35, 'Pottery: where patience meets creativity.', '', '2025-04-20 19:39:34'),
(36, 10, 36, 'Twist, turn, and groove.', '', '2025-04-20 15:55:41'),
(37, 10, 37, 'Pottery night success!', '', '2025-04-20 11:28:24'),
(38, 10, 38, 'Caught in the moment of creativity.', '', '2025-04-20 11:06:53'),
(39, 11, 39, 'Every move is a mood.', '', '2025-04-20 13:50:34'),
(40, 11, 40, 'Wander often, wonder always.', '', '2025-04-20 08:37:06'),
(41, 11, 41, 'Abstract expressions all day.', '', '2025-04-20 16:46:34'),
(42, 11, 42, 'Pool days are the best days.', '', '2025-04-20 10:01:12'),
(43, 11, 43, 'Masterpieces in progress.', '', '2025-04-20 14:09:15'),
(44, 12, 44, 'Making waves and memories.', '', '2025-04-20 13:47:28'),
(45, 12, 45, 'Trail time is the best time.', '', '2025-04-20 04:08:20'),
(46, 12, 46, 'Wander often, wonder always.', '', '2025-04-20 17:54:00'),
(47, 13, 47, 'Forming art one spin at a time.', '', '2025-04-20 10:04:36'),
(48, 13, 48, 'Learning new steps and loving it.', '', '2025-04-20 05:33:13'),
(49, 13, 49, 'Feeling the beat from head to toe.', '', '2025-04-20 23:27:20'),
(50, 14, 50, 'Dance like nobody''s watching.', '', '2025-04-20 00:34:36'),
(51, 14, 51, 'Wander often, wonder always.', '', '2025-04-20 02:55:29'),
(52, 15, 52, 'Mixing colors and catching vibes.', '', '2025-04-20 00:45:33'),
(53, 15, 53, 'Every step is an adventure.', '', '2025-04-20 08:37:50'),
(54, 15, 54, 'Peak moments and fresh air.', '', '2025-04-20 23:01:59'),
(55, 15, 55, 'Every brushstroke tells a story.', '', '2025-04-20 14:47:00'),
(56, 15, 56, 'Pottery night success!', '', '2025-04-20 00:54:44'),
(57, 16, 57, 'Shaping memories from clay.', '', '2025-04-20 06:11:09'),
(58, 16, 58, 'Underwater thoughts.', '', '2025-04-20 10:53:45'),
(59, 16, 59, 'Trail time is the best time.', '', '2025-04-20 07:10:01'),
(60, 16, 60, 'Underwater thoughts.', '', '2025-04-20 20:01:35'),
(61, 16, 61, 'Lost in the strokes.', '', '2025-04-20 08:56:22'),
(62, 17, 62, 'Coloring outside the lines, literally.', '', '2025-04-20 15:08:06'),
(63, 17, 63, 'Clay in motion, ideas in flow.', '', '2025-04-20 17:13:28'),
(64, 18, 64, 'Cool water, warm hearts.', '', '2025-04-20 23:38:48'),
(65, 18, 65, 'Chasing views and good vibes.', '', '2025-04-20 21:07:40'),
(66, 18, 66, 'Paint, sip, and relax.', '', '2025-04-20 08:54:12'),
(67, 19, 67, 'Breaking a sweat, catching a beat.', '', '2025-04-20 23:44:23'),
(68, 19, 68, 'Mixing colors and catching vibes.', '', '2025-04-20 20:28:04'),
(69, 20, 69, 'Nature never goes out of style.', '', '2025-04-20 15:05:06'),
(70, 20, 70, 'Hands dirty, heart happy.', '', '2025-04-20 01:24:28'),
(71, 20, 71, 'Shaping memories from clay.', '', '2025-04-20 21:56:54'),
(72, 20, 72, 'Underwater thoughts.', '', '2025-04-20 01:57:05');

-- === FRIENDS ===
INSERT INTO friends (user_id, friend_id) VALUES
(1, 3),
(1, 4),
(1, 5),
(1, 7),
(1, 9),
(1, 10),
(1, 13),
(1, 14),
(1, 15),
(1, 19),
(2, 4),
(2, 6),
(2, 7),
(2, 8),
(2, 10),
(2, 12),
(2, 13),
(2, 14),
(2, 15),
(2, 18),
(2, 20),
(3, 6),
(3, 7),
(3, 8),
(3, 9),
(3, 10),
(3, 11),
(3, 14),
(3, 15),
(3, 17),
(3, 18),
(3, 20),
(4, 5),
(4, 7),
(4, 11),
(4, 12),
(4, 13),
(4, 15),
(4, 16),
(4, 17),
(4, 19),
(5, 8),
(5, 9),
(5, 10),
(5, 17),
(5, 18),
(5, 19),
(6, 7),
(6, 8),
(6, 9),
(6, 10),
(6, 11),
(6, 12),
(6, 13),
(6, 15),
(6, 16),
(7, 8),
(7, 11),
(7, 12),
(7, 13),
(7, 14),
(7, 15),
(7, 16),
(7, 17),
(7, 18),
(7, 20),
(8, 9),
(8, 10),
(8, 14),
(8, 16),
(8, 18),
(9, 10),
(9, 11),
(9, 12),
(9, 13),
(9, 14),
(9, 15),
(9, 16),
(9, 17),
(9, 18),
(9, 20),
(10, 11),
(10, 12),
(10, 13),
(10, 15),
(10, 16),
(10, 18),
(10, 20),
(11, 13),
(11, 14),
(11, 15),
(11, 16),
(11, 18),
(12, 13),
(12, 17),
(12, 18),
(12, 19),
(13, 15),
(13, 16),
(13, 17),
(13, 20),
(14, 15),
(14, 16),
(14, 19),
(15, 17),
(15, 18),
(15, 19),
(15, 20),
(16, 18),
(16, 19),
(16, 20),
(17, 18),
(17, 19),
(17, 20),
(18, 19),
(19, 20);

-- === MATCHES ===
INSERT INTO matches (user_id, matched_user_id, matched_at) VALUES
(1, 10, '2025-04-20 15:14:45'),
(1, 17, '2025-04-20 11:33:20'),
(2, 9, '2025-04-20 17:14:41'),
(2, 6, '2025-04-20 10:58:04'),
(3, 15, '2025-04-20 16:22:59'),
(3, 18, '2025-04-20 12:20:43'),
(1, 3, '2025-04-20 14:50:05'),
(4, 14, '2025-04-20 23:04:27'),
(4, 13, '2025-04-20 02:30:29'),
(4, 17, '2025-04-20 18:04:57'),
(5, 10, '2025-04-20 12:28:26'),
(4, 5, '2025-04-20 18:32:57'),
(5, 17, '2025-04-20 12:32:02'),
(6, 9, '2025-04-20 16:28:56'),
(4, 7, '2025-04-20 23:53:32'),
(7, 18, '2025-04-20 03:27:34'),
(4, 8, '2025-04-20 22:41:58'),
(9, 17, '2025-04-20 14:29:10'),
(10, 16, '2025-04-20 11:46:26'),
(10, 12, '2025-04-20 10:23:46'),
(8, 10, '2025-04-20 19:58:09'),
(11, 12, '2025-04-20 17:29:29'),
(1, 12, '2025-04-20 00:03:19'),
(7, 14, '2025-04-20 18:48:26'),
(9, 14, '2025-04-20 12:48:19'),
(9, 15, '2025-04-20 19:49:34'),
(15, 18, '2025-04-20 05:12:10'),
(13, 15, '2025-04-20 20:05:45'),
(9, 16, '2025-04-20 00:28:17'),
(14, 17, '2025-04-20 19:22:29'),
(1, 18, '2025-04-20 18:10:34'),
(8, 19, '2025-04-20 20:03:24'),
(12, 19, '2025-04-20 23:06:15'),
(14, 20, '2025-04-20 20:02:55'),
(11, 20, '2025-04-20 11:42:06'),
(8, 20, '2025-04-20 07:09:51');

-- === RESET ID SEQUENCES ===
SELECT setval('users_id_seq', (SELECT MAX(id) FROM users));